Created on 10-17-2019,https://www.CryptoDataDownload.com
Date,Symbol,Open,High,Low,Close,Volume ETH,Volume BTC
2019-10-17,ETHBTC,0.02185,0.02195,0.02176,0.02195,1154.18,25.21
2019-10-16,ETHBTC,0.02212,0.02218,0.02173,0.02185,6268.35,136.95
2019-10-15,ETHBTC,0.02238,0.0225,0.02185,0.02212,7946.56,175.28
2019-10-14,ETHBTC,0.02185,0.02247,0.02185,0.02238,10575.11,234.28
2019-10-13,ETHBTC,0.02168,0.02198,0.02159,0.02185,2505.09,54.66
2019-10-12,ETHBTC,0.02186,0.02208,0.02127,0.02168,5940.48,129.21
2019-10-11,ETHBTC,0.02232,0.02268,0.02161,0.02186,10538.86,231.97
2019-10-10,ETHBTC,0.0225,0.02266,0.02206,0.02232,7573.03,169.78
2019-10-09,ETHBTC,0.02209,0.02336,0.02194,0.0225,26969.21,605.76
2019-10-08,ETHBTC,0.02197,0.0224,0.02178,0.02209,15181.42,335.45
2019-10-07,ETHBTC,0.02167,0.0221,0.02161,0.02197,12644.48,276.64
2019-10-06,ETHBTC,0.02169,0.02196,0.02138,0.02167,10702.91,231.65
2019-10-05,ETHBTC,0.02159,0.02179,0.02138,0.02169,3724.86,80.39
2019-10-04,ETHBTC,0.02124,0.0218,0.02124,0.02159,3204.63,68.9
2019-10-03,ETHBTC,0.0216,0.0216,0.02098,0.02124,6920.31,148.03
2019-10-02,ETHBTC,0.02118,0.0217,0.0211,0.0216,7088.37,152.05
2019-10-01,ETHBTC,0.02182,0.02209,0.02103,0.02118,12960.58,278.96
2019-09-30,ETHBTC,0.02104,0.02183,0.02101,0.02182,17815.3,381.85
2019-09-29,ETHBTC,0.02116,0.02123,0.0207,0.02104,5128.45,107.73
2019-09-28,ETHBTC,0.02123,0.02154,0.02076,0.02116,9661.26,205.7
2019-09-27,ETHBTC,0.02056,0.02156,0.02047,0.02123,9755.82,206.19
2019-09-26,ETHBTC,0.02015,0.02059,0.01966,0.02056,25710.78,520.46
2019-09-25,ETHBTC,0.01953,0.02031,0.01943,0.02015,12225.75,243.68
2019-09-24,ETHBTC,0.02077,0.02079,0.01884,0.01953,41376.4,815.9
2019-09-23,ETHBTC,0.02106,0.02134,0.02053,0.02077,9280.9,195.15
2019-09-22,ETHBTC,0.02156,0.02157,0.02065,0.02106,13336.74,281.88
2019-09-21,ETHBTC,0.02145,0.02177,0.02141,0.02156,5601.23,121.01
2019-09-20,ETHBTC,0.0215,0.02157,0.02107,0.02145,11607.96,247.8
2019-09-19,ETHBTC,0.02069,0.02224,0.02029,0.0215,28009.17,596.25
2019-09-18,ETHBTC,0.0204,0.02132,0.0204,0.02069,22071.69,461.11
2019-09-17,ETHBTC,0.01926,0.021,0.01921,0.0204,32366.62,647.36
2019-09-16,ETHBTC,0.01836,0.01954,0.01836,0.01926,29952.36,565.7
2019-09-15,ETHBTC,0.01822,0.01845,0.01807,0.01836,5856.13,107.21
2019-09-14,ETHBTC,0.01751,0.01837,0.01747,0.01822,19436.91,349.18
2019-09-13,ETHBTC,0.01736,0.01764,0.01725,0.01751,5689.96,99.01
2019-09-12,ETHBTC,0.01754,0.01765,0.01734,0.01736,6979.98,122.13
2019-09-11,ETHBTC,0.01781,0.01798,0.01744,0.01754,11331.64,200.6
2019-09-10,ETHBTC,0.01754,0.01787,0.01751,0.01781,9723.55,171.98
2019-09-09,ETHBTC,0.01745,0.01774,0.01724,0.01754,16167.26,282.96
2019-09-08,ETHBTC,0.01699,0.01756,0.01699,0.01745,10858.39,188.09
2019-09-07,ETHBTC,0.01637,0.01717,0.0163,0.01699,10864.08,182.43
2019-09-06,ETHBTC,0.01645,0.01657,0.01611,0.01637,13068.37,213.52
2019-09-05,ETHBTC,0.01653,0.01659,0.0162,0.01645,8317.96,136.47
2019-09-04,ETHBTC,0.01687,0.01699,0.01641,0.01653,10792.29,180.23
2019-09-03,ETHBTC,0.01719,0.01728,0.01672,0.01687,19077.82,323.96
2019-09-02,ETHBTC,0.01752,0.01774,0.01716,0.01719,7828.65,136.81
2019-09-01,ETHBTC,0.0179,0.01803,0.01752,0.01752,5590.67,99.01
2019-08-31,ETHBTC,0.01758,0.01808,0.01739,0.0179,4531.18,79.97
2019-08-30,ETHBTC,0.01779,0.01785,0.01751,0.01758,7849.04,138.68
2019-08-29,ETHBTC,0.01778,0.01795,0.01747,0.01779,8411.25,149.19
2019-08-28,ETHBTC,0.01841,0.01842,0.01723,0.01778,16378.13,291.61
2019-08-27,ETHBTC,0.01817,0.01855,0.01812,0.01841,3706.58,68.04
2019-08-26,ETHBTC,0.01841,0.01862,0.01805,0.01817,8222.43,150.47
2019-08-25,ETHBTC,0.01882,0.01886,0.01832,0.01841,5363.98,100.21
2019-08-24,ETHBTC,0.01869,0.01898,0.01851,0.01882,3696.11,69.32
2019-08-23,ETHBTC,0.01885,0.019,0.01852,0.01869,5095.46,95.75
2019-08-22,ETHBTC,0.01847,0.01916,0.01847,0.01885,9627.71,181.26
2019-08-21,ETHBTC,0.01826,0.01861,0.01805,0.01847,26549.03,483.85
2019-08-20,ETHBTC,0.01853,0.01856,0.01822,0.01826,8424.6,154.88
2019-08-19,ETHBTC,0.01884,0.01891,0.01843,0.01853,8461.41,158.26
2019-08-18,ETHBTC,0.01818,0.01899,0.0181,0.01884,8019.78,148.92
2019-08-17,ETHBTC,0.01785,0.01825,0.01779,0.01818,4037.18,72.58
2019-08-16,ETHBTC,0.01826,0.01854,0.01764,0.01785,13087.8,236.71
2019-08-15,ETHBTC,0.01858,0.01885,0.01794,0.01826,16126.39,297.52
2019-08-14,ETHBTC,0.01921,0.01979,0.01805,0.01858,24522.05,469.63
2019-08-13,ETHBTC,0.01856,0.01928,0.01827,0.01921,14568.76,272.08
2019-08-12,ETHBTC,0.01875,0.01875,0.0185,0.01856,6107.28,113.72
2019-08-11,ETHBTC,0.01825,0.019,0.01825,0.01875,17581.72,326.99
2019-08-10,ETHBTC,0.01774,0.01829,0.01774,0.01825,8600.81,155.0
2019-08-09,ETHBTC,0.01841,0.01851,0.01757,0.01774,21855.51,391.9
2019-08-08,ETHBTC,0.01889,0.01916,0.01837,0.01841,12765.25,240.82
2019-08-07,ETHBTC,0.01972,0.01974,0.01875,0.01889,17139.64,329.11
2019-08-06,ETHBTC,0.01976,0.01991,0.01903,0.01972,19114.66,371.64
2019-08-05,ETHBTC,0.02029,0.02036,0.01941,0.01976,17735.94,351.31
2019-08-04,ETHBTC,0.02052,0.02071,0.02012,0.02029,10421.34,213.35
2019-08-03,ETHBTC,0.02068,0.02094,0.02034,0.02052,9991.2,205.2
2019-08-02,ETHBTC,0.02091,0.02117,0.02048,0.02068,16686.32,346.9
2019-08-01,ETHBTC,0.02168,0.02168,0.02076,0.02091,15144.68,320.01
2019-07-31,ETHBTC,0.0219,0.02213,0.02147,0.02168,5239.12,113.88
2019-07-30,ETHBTC,0.02221,0.02222,0.0218,0.0219,5291.51,116.09
2019-07-29,ETHBTC,0.02212,0.02227,0.02192,0.02221,4029.38,88.96
2019-07-28,ETHBTC,0.02185,0.02233,0.02162,0.02212,4767.57,104.45
2019-07-27,ETHBTC,0.02227,0.02233,0.02163,0.02185,9922.68,217.22
2019-07-26,ETHBTC,0.0222,0.0224,0.02194,0.02227,5752.87,127.65
2019-07-25,ETHBTC,0.02216,0.02238,0.02191,0.0222,8211.26,181.43
2019-07-24,ETHBTC,0.02157,0.02247,0.02088,0.02216,15922.59,347.59
2019-07-23,ETHBTC,0.02102,0.02162,0.02097,0.02157,9188.26,195.59
2019-07-22,ETHBTC,0.0213,0.02181,0.02067,0.02102,23317.91,495.32
2019-07-21,ETHBTC,0.02126,0.02144,0.02092,0.0213,7632.01,161.76
2019-07-20,ETHBTC,0.02102,0.02187,0.02102,0.02126,20535.99,440.04
2019-07-19,ETHBTC,0.02123,0.02132,0.02081,0.02102,6850.41,143.89
2019-07-18,ETHBTC,0.02183,0.0224,0.02103,0.02123,17137.63,372.66
2019-07-17,ETHBTC,0.02108,0.0223,0.021,0.02183,17743.89,383.21
2019-07-16,ETHBTC,0.02107,0.02144,0.02006,0.02108,30972.09,647.96
2019-07-15,ETHBTC,0.0223,0.0223,0.0197,0.02107,32872.95,705.88
2019-07-14,ETHBTC,0.02368,0.02407,0.02214,0.0223,18179.71,412.31
2019-07-13,ETHBTC,0.02333,0.02432,0.02328,0.02368,9499.26,226.77
2019-07-12,ETHBTC,0.02366,0.02403,0.02319,0.02333,11199.33,262.97
2019-07-11,ETHBTC,0.02388,0.02425,0.02306,0.02366,29966.62,711.69
2019-07-10,ETHBTC,0.02447,0.02453,0.0231,0.02388,52042.46,1237.27
2019-07-09,ETHBTC,0.02546,0.02557,0.02431,0.02447,25415.33,630.45
2019-07-08,ETHBTC,0.02672,0.0269,0.02523,0.02546,12277.7,318.37
2019-07-07,ETHBTC,0.02564,0.02711,0.02556,0.02672,12581.68,333.39
2019-07-06,ETHBTC,0.02622,0.02622,0.0253,0.02564,7368.24,188.9
2019-07-05,ETHBTC,0.02536,0.0264,0.02514,0.02622,12563.91,325.79
2019-07-04,ETHBTC,0.02523,0.02561,0.02476,0.02536,23303.73,585.82
2019-07-03,ETHBTC,0.0269,0.0269,0.02493,0.02523,25677.2,663.82
2019-07-02,ETHBTC,0.02775,0.02833,0.02656,0.0269,18918.19,520.09
2019-07-01,ETHBTC,0.02694,0.028,0.02665,0.02775,15679.84,429.91
2019-06-30,ETHBTC,0.02675,0.02705,0.02606,0.02694,13428.91,356.34
2019-06-29,ETHBTC,0.02506,0.02707,0.02497,0.02675,16967.11,438.41
2019-06-28,ETHBTC,0.02635,0.02712,0.02496,0.02506,26269.88,676.98
2019-06-27,ETHBTC,0.02587,0.02736,0.0256,0.02635,42025.65,1105.4
2019-06-26,ETHBTC,0.02696,0.02761,0.02532,0.02587,73613.68,1950.81
2019-06-25,ETHBTC,0.02817,0.02821,0.02687,0.02696,16660.42,457.23
2019-06-24,ETHBTC,0.02832,0.02864,0.02787,0.02817,11251.24,317.16
2019-06-23,ETHBTC,0.02893,0.0295,0.0281,0.02832,12039.56,347.53
2019-06-22,ETHBTC,0.02896,0.0297,0.02781,0.02893,26426.14,759.54
2019-06-21,ETHBTC,0.02852,0.02982,0.02849,0.02896,17938.98,525.4
2019-06-20,ETHBTC,0.02895,0.02905,0.028,0.02852,9024.45,258.15
2019-06-19,ETHBTC,0.02915,0.02944,0.02892,0.02895,10442.94,305.33
2019-06-18,ETHBTC,0.02939,0.02946,0.02886,0.02915,11528.55,336.62
2019-06-17,ETHBTC,0.02999,0.02999,0.02908,0.02939,5737.12,168.45
2019-06-16,ETHBTC,0.0304,0.03047,0.02929,0.02999,13253.86,394.84
2019-06-15,ETHBTC,0.03035,0.03086,0.0302,0.0304,8779.82,267.65
2019-06-14,ETHBTC,0.03097,0.03116,0.03026,0.03035,14219.17,434.85
2019-06-13,ETHBTC,0.03218,0.03226,0.0308,0.03097,4931.69,156.09
2019-06-12,ETHBTC,0.03102,0.03226,0.03087,0.03218,8327.37,261.19
2019-06-11,ETHBTC,0.03089,0.03123,0.03068,0.03102,7461.13,230.14
2019-06-10,ETHBTC,0.0303,0.03109,0.03023,0.03089,8296.88,253.6
2019-06-09,ETHBTC,0.03081,0.03093,0.02994,0.0303,7887.49,239.87
2019-06-08,ETHBTC,0.03115,0.0313,0.0308,0.03081,3834.08,119.1
2019-06-07,ETHBTC,0.03191,0.03212,0.03108,0.03115,6447.9,202.16
2019-06-06,ETHBTC,0.03158,0.03211,0.03124,0.03191,3592.07,113.31
2019-06-05,ETHBTC,0.03139,0.03186,0.03091,0.03158,7362.21,232.07
2019-06-04,ETHBTC,0.03079,0.03163,0.03069,0.03139,10893.18,339.28
2019-06-03,ETHBTC,0.0308,0.03112,0.03034,0.03079,7228.31,222.17
2019-06-02,ETHBTC,0.03096,0.0313,0.03066,0.0308,3855.6,119.27
2019-06-01,ETHBTC,0.03128,0.03209,0.03081,0.03096,6221.04,195.32
2019-05-31,ETHBTC,0.03078,0.03135,0.0302,0.03128,13200.03,405.45
2019-05-30,ETHBTC,0.03112,0.03316,0.02982,0.03078,33822.01,1066.98
2019-05-29,ETHBTC,0.03108,0.03145,0.03075,0.03112,8578.15,267.32
2019-05-28,ETHBTC,0.03097,0.03154,0.03066,0.03108,11537.3,358.9
2019-05-27,ETHBTC,0.03073,0.03136,0.03039,0.03097,8847.71,271.79
2019-05-26,ETHBTC,0.03119,0.03141,0.03001,0.03073,13041.76,402.02
2019-05-25,ETHBTC,0.03119,0.03187,0.03093,0.03119,4285.61,134.01
2019-05-24,ETHBTC,0.03121,0.03163,0.03102,0.03119,4222.46,132.39
2019-05-23,ETHBTC,0.03196,0.03209,0.03073,0.03121,10596.82,331.1
2019-05-22,ETHBTC,0.03208,0.03263,0.03131,0.03196,15383.37,491.32
2019-05-21,ETHBTC,0.03154,0.03283,0.03154,0.03208,14212.03,455.7
2019-05-20,ETHBTC,0.0319,0.03222,0.0311,0.03154,10609.96,335.56
2019-05-19,ETHBTC,0.03221,0.03242,0.03166,0.0319,19211.51,616.65
2019-05-18,ETHBTC,0.03323,0.0334,0.03188,0.03221,11446.98,374.49
2019-05-17,ETHBTC,0.03363,0.03391,0.03158,0.03323,43362.74,1427.23
2019-05-16,ETHBTC,0.03036,0.03482,0.03021,0.03363,70461.75,2301.73
2019-05-15,ETHBTC,0.02725,0.03054,0.0271,0.03036,59202.65,1714.64
2019-05-14,ETHBTC,0.02506,0.02778,0.02479,0.02725,35339.75,924.2
2019-05-13,ETHBTC,0.02693,0.02719,0.02453,0.02506,44667.94,1151.8
2019-05-12,ETHBTC,0.02674,0.02736,0.02618,0.02693,20092.42,536.79
2019-05-11,ETHBTC,0.02715,0.02864,0.02562,0.02674,48356.01,1314.92
2019-05-10,ETHBTC,0.02765,0.02817,0.02698,0.02715,16812.83,460.65
2019-05-09,ETHBTC,0.02855,0.02855,0.02724,0.02765,25759.55,716.06
2019-05-08,ETHBTC,0.02899,0.02911,0.02842,0.02855,8676.03,249.0
2019-05-07,ETHBTC,0.03011,0.03135,0.02977,0.02998,7094.26,217.49
2019-05-06,ETHBTC,0.02821,0.03075,0.02813,0.03011,15194.87,445.99
2019-05-05,ETHBTC,0.02807,0.02842,0.02775,0.02821,16688.86,469.32
2019-05-04,ETHBTC,0.02912,0.02923,0.02799,0.02807,17738.8,504.18
2019-05-03,ETHBTC,0.02949,0.02965,0.0282,0.02912,18385.65,532.64
2019-05-02,ETHBTC,0.02973,0.03,0.0289,0.02949,12900.52,378.88
2019-05-01,ETHBTC,0.03038,0.0306,0.02961,0.02973,7385.13,222.18
2019-04-30,ETHBTC,0.0296,0.03055,0.02959,0.03038,10913.0,328.04
2019-04-29,ETHBTC,0.02974,0.0299,0.02929,0.0296,5999.05,177.73
2019-04-28,ETHBTC,0.0301,0.03012,0.02969,0.02974,6181.06,184.77
2019-04-27,ETHBTC,0.02972,0.0304,0.02962,0.0301,12646.72,378.15
2019-04-26,ETHBTC,0.02964,0.02985,0.02921,0.02972,22867.57,674.32
2019-04-25,ETHBTC,0.03046,0.0305,0.02922,0.02964,13013.85,387.6
2019-04-24,ETHBTC,0.0308,0.03081,0.02965,0.03046,9685.96,292.17
2019-04-23,ETHBTC,0.03182,0.03186,0.03064,0.0308,19711.83,616.32
2019-04-22,ETHBTC,0.03206,0.03243,0.03179,0.03182,4829.38,154.92
2019-04-21,ETHBTC,0.03264,0.03269,0.03185,0.03206,6284.64,202.23
2019-04-20,ETHBTC,0.03287,0.03322,0.0324,0.03264,8594.43,281.87
2019-04-19,ETHBTC,0.03295,0.03309,0.0325,0.03287,6340.42,207.8
2019-04-18,ETHBTC,0.03186,0.03327,0.03177,0.03295,15771.57,517.51
2019-04-17,ETHBTC,0.032,0.03201,0.03162,0.03186,8800.78,279.94
2019-04-16,ETHBTC,0.03185,0.03229,0.03175,0.032,4513.44,144.22
2019-04-15,ETHBTC,0.03255,0.0327,0.03112,0.03185,8486.04,270.77
2019-04-14,ETHBTC,0.03236,0.03268,0.03213,0.03255,4271.7,137.92
2019-04-13,ETHBTC,0.03235,0.03251,0.03202,0.03236,5838.91,188.57
2019-04-12,ETHBTC,0.03269,0.0329,0.03222,0.03235,5259.74,171.74
2019-04-11,ETHBTC,0.03328,0.03337,0.03219,0.03269,10504.03,343.15
2019-04-10,ETHBTC,0.03386,0.03471,0.03249,0.03328,9478.83,318.83
2019-04-09,ETHBTC,0.03419,0.03442,0.03372,0.03386,7566.73,257.33
2019-04-08,ETHBTC,0.03369,0.03522,0.03363,0.03419,23684.61,818.0
2019-04-07,ETHBTC,0.03279,0.034,0.03251,0.03369,7785.88,258.85
2019-04-06,ETHBTC,0.0329,0.03341,0.03209,0.03279,21920.79,716.01
2019-04-05,ETHBTC,0.03216,0.03332,0.03198,0.0329,8528.34,280.46
2019-04-04,ETHBTC,0.03234,0.0326,0.0314,0.03216,10730.5,345.22
2019-04-03,ETHBTC,0.0336,0.03496,0.03147,0.03234,27740.16,928.97
2019-04-02,ETHBTC,0.03415,0.03415,0.03054,0.0336,36542.28,1190.78
2019-04-01,ETHBTC,0.03451,0.0346,0.0338,0.03415,7260.57,249.41
2019-03-19,ETHBTC,0.03447,0.03485,0.03446,0.03465,419.59,14.57
2019-03-18,ETHBTC,0.03479,0.03521,0.03435,0.03447,4721.13,163.62
2019-03-17,ETHBTC,0.03521,0.03521,0.03453,0.03479,2632.11,91.59
2019-03-16,ETHBTC,0.03473,0.03577,0.03473,0.03521,11301.31,398.82
2019-03-15,ETHBTC,0.03408,0.03511,0.03408,0.03473,9733.43,338.18
2019-03-14,ETHBTC,0.03404,0.03462,0.03391,0.03408,7874.38,268.64
2019-03-13,ETHBTC,0.03442,0.03442,0.0339,0.03404,4593.5,156.72
2019-03-12,ETHBTC,0.03423,0.03484,0.03367,0.03442,6709.85,229.93
2019-03-11,ETHBTC,0.03455,0.03471,0.03401,0.03423,6509.11,223.59
2019-03-10,ETHBTC,0.03482,0.0349,0.0344,0.03455,2734.93,94.8
2019-03-09,ETHBTC,0.03452,0.0354,0.03441,0.03482,6951.02,243.42
2019-03-08,ETHBTC,0.03525,0.03546,0.03407,0.03452,12806.8,446.15
2019-03-07,ETHBTC,0.0356,0.0359,0.0352,0.03525,7361.54,261.17
2019-03-06,ETHBTC,0.03546,0.03616,0.035,0.0356,12665.63,451.4
2019-03-05,ETHBTC,0.03382,0.03555,0.03372,0.03546,15119.6,527.43
2019-03-04,ETHBTC,0.03434,0.03434,0.03331,0.03382,10110.9,341.89
2019-03-03,ETHBTC,0.03469,0.03515,0.03377,0.03434,6680.49,231.14
2019-03-02,ETHBTC,0.03537,0.0355,0.03432,0.03469,7274.59,252.23
2019-03-01,ETHBTC,0.03551,0.03582,0.03531,0.03537,4084.87,145.12
2019-02-28,ETHBTC,0.03533,0.036,0.03488,0.03551,10918.44,388.59
2019-02-27,ETHBTC,0.0358,0.03652,0.028,0.03533,21622.31,750.99
2019-02-26,ETHBTC,0.03599,0.03608,0.03526,0.0358,8594.38,306.68
2019-02-25,ETHBTC,0.03528,0.03678,0.03518,0.03599,19376.52,698.93
2019-02-24,ETHBTC,0.03833,0.03957,0.03516,0.03528,29831.69,1119.01
2019-02-23,ETHBTC,0.03725,0.03918,0.03694,0.03833,15260.21,583.57
2019-02-22,ETHBTC,0.03705,0.03744,0.0366,0.03725,12416.0,461.95
2019-02-21,ETHBTC,0.03747,0.03747,0.03638,0.03705,11631.92,427.76
2019-02-20,ETHBTC,0.03669,0.0377,0.03604,0.03747,16182.23,595.67
2019-02-19,ETHBTC,0.03739,0.03799,0.03662,0.03669,12818.99,478.11
2019-02-18,ETHBTC,0.03655,0.03839,0.03623,0.03739,26404.56,984.69
2019-02-17,ETHBTC,0.03396,0.03698,0.03387,0.03655,22060.43,783.6
2019-02-16,ETHBTC,0.03374,0.03431,0.03373,0.03396,5102.55,173.13
2019-02-15,ETHBTC,0.03352,0.03409,0.03351,0.03374,6250.96,211.08
2019-02-14,ETHBTC,0.0337,0.03437,0.03346,0.03352,3623.23,122.66
2019-02-13,ETHBTC,0.03372,0.03447,0.03353,0.0337,6723.07,227.46
2019-02-12,ETHBTC,0.03329,0.03384,0.03299,0.03372,8624.25,288.45
2019-02-11,ETHBTC,0.03402,0.03402,0.03302,0.03329,8153.93,272.32
2019-02-10,ETHBTC,0.03258,0.03418,0.03204,0.03402,6517.97,215.17
2019-02-09,ETHBTC,0.03259,0.03295,0.03237,0.03258,5650.06,184.4
2019-02-08,ETHBTC,0.03068,0.03307,0.03056,0.03259,16587.43,533.36
2019-02-07,ETHBTC,0.03068,0.03101,0.03059,0.03068,1799.6,55.41
2019-02-06,ETHBTC,0.03092,0.03106,0.02983,0.03068,6597.24,200.32
2019-02-05,ETHBTC,0.03105,0.03109,0.03082,0.03092,1701.5,52.69
2019-02-04,ETHBTC,0.03106,0.03139,0.03087,0.03105,1893.24,58.91
2019-02-03,ETHBTC,0.03149,0.03168,0.03087,0.03106,5775.19,181.13
2019-02-02,ETHBTC,0.03086,0.03172,0.0308,0.03149,3940.26,123.1
2019-02-01,ETHBTC,0.03099,0.03115,0.03046,0.03086,6511.38,200.72
2019-01-31,ETHBTC,0.0313,0.03172,0.03078,0.03099,3813.39,119.0
2019-01-30,ETHBTC,0.03065,0.03158,0.03044,0.0313,9781.05,303.71
2019-01-29,ETHBTC,0.03068,0.03098,0.03024,0.03065,3538.53,108.51
2019-01-28,ETHBTC,0.03151,0.03168,0.02982,0.03068,7938.2,243.17
2019-01-27,ETHBTC,0.03233,0.03247,0.03151,0.03151,4345.3,139.19
2019-01-26,ETHBTC,0.03229,0.03252,0.032,0.03233,5391.38,174.25
2019-01-25,ETHBTC,0.03257,0.03298,0.03228,0.03229,6792.25,221.28
2019-01-24,ETHBTC,0.03273,0.03279,0.03223,0.03257,3503.02,113.95
2019-01-23,ETHBTC,0.03301,0.0331,0.03261,0.03273,4645.51,152.74
2019-01-22,ETHBTC,0.03282,0.0331,0.03223,0.03301,5813.9,190.71
2019-01-21,ETHBTC,0.0332,0.03329,0.0324,0.03282,7071.57,231.97
2019-01-20,ETHBTC,0.03349,0.03349,0.03285,0.0332,4519.21,150.17
2019-01-19,ETHBTC,0.0331,0.03382,0.0331,0.03349,5160.56,172.67
2019-01-18,ETHBTC,0.03359,0.03367,0.03295,0.0331,8528.6,284.39
2019-01-17,ETHBTC,0.03382,0.03407,0.03306,0.03359,6908.8,232.15
2019-01-16,ETHBTC,0.03355,0.035,0.0333,0.03382,6226.33,210.68
2019-01-15,ETHBTC,0.03504,0.03557,0.03286,0.03355,11037.21,378.62
2019-01-14,ETHBTC,0.03281,0.03548,0.03274,0.03504,23380.84,791.78
2019-01-13,ETHBTC,0.03437,0.03442,0.03235,0.03281,21127.15,700.17
2019-01-12,ETHBTC,0.03452,0.03498,0.03416,0.03437,3482.4,120.54
2019-01-11,ETHBTC,0.03489,0.03534,0.03367,0.03452,12268.86,423.7
2019-01-10,ETHBTC,0.03733,0.03743,0.03416,0.03489,39723.89,1387.86
2019-01-09,ETHBTC,0.03729,0.03821,0.03719,0.03733,7236.65,271.31
2019-01-08,ETHBTC,0.03754,0.03774,0.03694,0.03729,21095.43,787.62
2019-01-07,ETHBTC,0.03854,0.0386,0.03721,0.03754,12759.07,484.17
2019-01-06,ETHBTC,0.04052,0.04063,0.03833,0.03854,35695.8,1404.92
2019-01-05,ETHBTC,0.0401,0.04163,0.0399,0.04052,28913.3,1179.03
2019-01-04,ETHBTC,0.03888,0.04088,0.03861,0.0401,23291.65,928.63
2019-01-03,ETHBTC,0.0394,0.03985,0.03818,0.03888,9541.21,371.43
2019-01-02,ETHBTC,0.0366,0.04004,0.03658,0.0394,17667.9,684.31
2019-01-01,ETHBTC,0.03555,0.03808,0.03538,0.0366,18711.01,681.69
2018-12-31,ETHBTC,0.0362,0.03631,0.03511,0.03555,21059.77,752.37
2018-12-30,ETHBTC,0.03594,0.03689,0.03485,0.0362,10906.2,391.47
2018-12-29,ETHBTC,0.03532,0.03749,0.03435,0.03594,19707.64,703.05
2018-12-28,ETHBTC,0.03186,0.03569,0.03152,0.03532,22440.27,749.55
2018-12-27,ETHBTC,0.03421,0.03442,0.03146,0.03186,16482.63,534.56
2018-12-26,ETHBTC,0.03403,0.03536,0.03339,0.03421,7574.57,258.63
2018-12-25,ETHBTC,0.03442,0.03481,0.03289,0.03403,17325.23,586.93
2018-12-24,ETHBTC,0.03284,0.03757,0.03277,0.03442,46279.23,1622.8
2018-12-23,ETHBTC,0.02915,0.03311,0.02915,0.03284,28091.43,886.05
2018-12-22,ETHBTC,0.028,0.02931,0.02776,0.02915,9860.89,283.17
2018-12-21,ETHBTC,0.02816,0.02881,0.02751,0.028,12204.12,344.25
2018-12-20,ETHBTC,0.02698,0.02864,0.02676,0.02816,22739.72,624.6
2018-12-19,ETHBTC,0.02748,0.02821,0.02689,0.02698,15953.46,436.7
2018-12-18,ETHBTC,0.02684,0.02773,0.02642,0.02748,9627.56,257.89
2018-12-17,ETHBTC,0.02616,0.02727,0.02599,0.02684,18148.89,479.23
2018-12-16,ETHBTC,0.0261,0.02678,0.02609,0.02616,4832.17,128.05
2018-12-15,ETHBTC,0.02599,0.02617,0.02585,0.0261,3711.6,96.61
2018-12-14,ETHBTC,0.0261,0.02631,0.02584,0.02599,5989.78,156.1
2018-12-13,ETHBTC,0.02594,0.0266,0.02579,0.0261,10615.63,277.07
2018-12-12,ETHBTC,0.02598,0.02674,0.02585,0.02594,10238.47,267.93
2018-12-11,ETHBTC,0.02617,0.02657,0.02572,0.02597,5756.31,150.04
2018-12-10,ETHBTC,0.02632,0.02645,0.02561,0.02617,9142.62,237.9
2018-12-09,ETHBTC,0.02656,0.02706,0.02607,0.02632,10551.0,278.96
2018-12-08,ETHBTC,0.02738,0.02818,0.02548,0.02656,19275.73,512.95
2018-12-07,ETHBTC,0.026,0.02779,0.02458,0.02738,62210.27,1633.38
2018-12-06,ETHBTC,0.02725,0.0273,0.02552,0.026,35343.27,931.34
2018-12-05,ETHBTC,0.02788,0.0279,0.02715,0.02725,9593.16,264.07
2018-12-04,ETHBTC,0.02799,0.02811,0.02766,0.02788,4601.64,128.51
2018-12-03,ETHBTC,0.02805,0.02845,0.02765,0.02799,10285.3,287.74
2018-12-02,ETHBTC,0.02817,0.02838,0.02787,0.02805,3556.29,100.0
2018-12-01,ETHBTC,0.0282,0.02886,0.02784,0.02817,4264.99,120.4
2018-11-30,ETHBTC,0.02742,0.02852,0.02727,0.02816,10977.89,308.3
2018-11-29,ETHBTC,0.02883,0.0289,0.02735,0.02742,7662.14,214.66
2018-11-28,ETHBTC,0.02876,0.02912,0.0279,0.02883,16275.8,465.25
2018-11-27,ETHBTC,0.02867,0.02906,0.02771,0.02876,12079.81,341.77
2018-11-26,ETHBTC,0.02903,0.0292,0.02838,0.02867,14059.91,403.85
2018-11-25,ETHBTC,0.02921,0.02963,0.02782,0.02903,33012.13,942.35
2018-11-24,ETHBTC,0.02826,0.02944,0.02814,0.02921,14448.02,417.77
2018-11-23,ETHBTC,0.0289,0.02917,0.028,0.02826,18656.77,529.27
2018-11-22,ETHBTC,0.02965,0.02988,0.02889,0.0289,9576.35,280.39
2018-11-21,ETHBTC,0.02933,0.03011,0.02877,0.02965,33840.74,1003.27
2018-11-20,ETHBTC,0.03063,0.03087,0.02876,0.02933,50818.41,1519.95
2018-11-19,ETHBTC,0.03159,0.03164,0.02897,0.03063,29203.47,881.95
2018-11-18,ETHBTC,0.03131,0.03192,0.03117,0.03159,5556.05,174.6
2018-11-17,ETHBTC,0.03125,0.03158,0.03107,0.03131,4336.1,135.95
2018-11-16,ETHBTC,0.032,0.03214,0.03109,0.03125,5404.45,171.27
2018-11-15,ETHBTC,0.03162,0.03229,0.0313,0.032,11372.06,361.71
2018-11-14,ETHBTC,0.03246,0.0326,0.02974,0.03162,29375.57,922.77
2018-11-13,ETHBTC,0.03302,0.03302,0.03226,0.03246,7609.22,248.0
2018-11-12,ETHBTC,0.03308,0.03311,0.03268,0.03302,4879.37,160.74
2018-11-11,ETHBTC,0.03311,0.03319,0.03274,0.03308,2832.04,93.38
2018-11-10,ETHBTC,0.03282,0.03332,0.03281,0.03311,1309.56,43.35
2018-11-09,ETHBTC,0.03281,0.0331,0.03268,0.03282,5523.59,181.54
2018-11-08,ETHBTC,0.03334,0.03352,0.03279,0.03281,4548.3,150.37
2018-11-07,ETHBTC,0.0339,0.0341,0.03319,0.03334,7398.47,249.01
2018-11-06,ETHBTC,0.03256,0.03398,0.03241,0.0339,8876.14,294.37
2018-11-05,ETHBTC,0.03271,0.03287,0.03222,0.03256,12302.5,400.46
2018-11-04,ETHBTC,0.03134,0.03364,0.03125,0.03271,7389.33,239.52
2018-11-03,ETHBTC,0.03144,0.03149,0.03126,0.03134,1910.23,59.94
2018-11-02,ETHBTC,0.03119,0.03162,0.03114,0.03144,2891.76,90.65
2018-11-01,ETHBTC,0.03119,0.03127,0.03109,0.03119,2151.18,67.08
2018-10-31,ETHBTC,0.03114,0.03128,0.03089,0.03119,6033.38,187.83
2018-10-30,ETHBTC,0.03101,0.03122,0.03081,0.03114,4631.32,143.74
2018-10-29,ETHBTC,0.03159,0.03185,0.03082,0.03101,5757.26,180.14
2018-10-28,ETHBTC,0.03141,0.03163,0.03138,0.03159,1773.44,55.89
2018-10-27,ETHBTC,0.03135,0.03148,0.03131,0.03141,1345.59,42.23
2018-10-26,ETHBTC,0.03124,0.03174,0.03116,0.03135,5403.59,169.4
2018-10-25,ETHBTC,0.0313,0.0313,0.03108,0.03124,3474.7,108.38
2018-10-24,ETHBTC,0.03144,0.03146,0.03122,0.0313,2635.02,82.55
2018-10-23,ETHBTC,0.03141,0.03151,0.03106,0.03144,2938.96,91.91
2018-10-22,ETHBTC,0.0315,0.03167,0.03126,0.03141,4559.34,143.18
2018-10-21,ETHBTC,0.03163,0.03183,0.0314,0.0315,1977.71,62.48
2018-10-20,ETHBTC,0.03137,0.03176,0.0313,0.03163,2850.74,90.03
2018-10-19,ETHBTC,0.03117,0.03144,0.03103,0.03137,3445.85,107.78
2018-10-18,ETHBTC,0.0316,0.03171,0.03091,0.03117,6109.38,191.52
2018-10-17,ETHBTC,0.03181,0.03196,0.03141,0.0316,3360.76,106.59
2018-10-16,ETHBTC,0.03172,0.03172,0.03172,0.03172,0.0,0.0
2018-10-15,ETHBTC,0.03101,0.03401,0.03084,0.03172,68660.51,2189.25
2018-10-14,ETHBTC,0.03175,0.03186,0.03082,0.03101,4224.43,133.34
2018-10-13,ETHBTC,0.03128,0.03205,0.03124,0.03175,3966.68,125.86
2018-10-12,ETHBTC,0.03061,0.03173,0.0306,0.03128,5500.88,171.99
2018-10-11,ETHBTC,0.03424,0.03427,0.03023,0.03061,33777.37,1087.71
2018-10-10,ETHBTC,0.03433,0.03443,0.03411,0.03424,3229.02,110.67
2018-10-09,ETHBTC,0.03445,0.03465,0.03423,0.03433,3385.86,116.45
2018-10-08,ETHBTC,0.03428,0.03469,0.03401,0.03445,7452.79,256.3
2018-10-07,ETHBTC,0.0341,0.03428,0.03389,0.03428,2402.71,81.95
2018-10-06,ETHBTC,0.0344,0.03454,0.034,0.0341,2730.4,93.57
2018-10-05,ETHBTC,0.03375,0.03483,0.03345,0.0344,4620.72,156.74
2018-10-04,ETHBTC,0.03391,0.03425,0.03355,0.03375,4001.39,136.05
2018-10-03,ETHBTC,0.03457,0.0346,0.0335,0.03391,7702.39,260.42
2018-10-02,ETHBTC,0.03501,0.03508,0.03441,0.03457,4836.79,167.95
2018-10-01,ETHBTC,0.03515,0.03533,0.0345,0.03501,5222.27,182.1
2018-09-30,ETHBTC,0.03513,0.03587,0.03453,0.03515,6341.34,223.66
2018-09-29,ETHBTC,0.03347,0.03598,0.03289,0.03513,11342.85,395.69
2018-09-28,ETHBTC,0.03427,0.03454,0.03272,0.03347,11871.09,399.23
2018-09-27,ETHBTC,0.0331,0.03597,0.03266,0.03427,18467.65,625.6
2018-09-26,ETHBTC,0.034,0.03416,0.0325,0.0331,7158.45,237.68
2018-09-25,ETHBTC,0.03463,0.03465,0.032,0.034,14959.74,499.05
2018-09-24,ETHBTC,0.03643,0.03661,0.03433,0.03463,18260.72,649.13
2018-09-23,ETHBTC,0.03581,0.03704,0.03521,0.03643,7960.17,288.05
2018-09-22,ETHBTC,0.03664,0.03739,0.0351,0.03581,8550.74,307.35
2018-09-21,ETHBTC,0.03461,0.03726,0.03351,0.03664,30265.41,1051.39
2018-09-20,ETHBTC,0.03282,0.03499,0.03234,0.03461,12278.85,408.66
2018-09-19,ETHBTC,0.03298,0.03384,0.0321,0.03282,10049.57,330.11
2018-09-18,ETHBTC,0.03139,0.03362,0.03112,0.03298,12878.85,416.0
2018-09-17,ETHBTC,0.0339,0.03443,0.03096,0.03139,20945.21,681.74
2018-09-16,ETHBTC,0.0342,0.03431,0.0323,0.0339,12072.05,400.66
2018-09-15,ETHBTC,0.03231,0.03477,0.03212,0.0342,12416.5,421.0
2018-09-14,ETHBTC,0.03257,0.03412,0.03143,0.03231,17911.46,587.24
2018-09-13,ETHBTC,0.02888,0.03328,0.02888,0.03257,27489.51,849.29
2018-09-12,ETHBTC,0.02943,0.02945,0.02682,0.02888,38604.71,1074.91
2018-09-11,ETHBTC,0.03118,0.03137,0.02842,0.02943,23160.61,696.57
2018-09-10,ETHBTC,0.03133,0.03208,0.02994,0.03118,14987.58,463.67
2018-09-09,ETHBTC,0.03174,0.03243,0.03011,0.03133,12834.34,401.55
2018-09-08,ETHBTC,0.03362,0.03408,0.03093,0.03174,24934.55,808.08
2018-09-07,ETHBTC,0.03524,0.03588,0.0335,0.03362,10556.42,361.48
2018-09-06,ETHBTC,0.03414,0.03588,0.03336,0.03524,24125.91,839.01
2018-09-05,ETHBTC,0.03878,0.03895,0.03395,0.03414,21577.44,780.57
2018-09-04,ETHBTC,0.03981,0.03993,0.03844,0.03878,7795.78,305.32
2018-09-03,ETHBTC,0.04041,0.0405,0.03947,0.03981,9509.7,379.46
2018-09-02,ETHBTC,0.04109,0.0414,0.04008,0.04041,4156.85,169.17
2018-09-01,ETHBTC,0.04017,0.04182,0.04014,0.04109,5472.07,224.4
2018-08-31,ETHBTC,0.04069,0.04076,0.03969,0.04017,5870.84,235.74
2018-08-30,ETHBTC,0.04099,0.04147,0.03994,0.04069,9659.78,392.34
2018-08-29,ETHBTC,0.04175,0.04193,0.04079,0.04099,5774.72,239.08
2018-08-28,ETHBTC,0.04176,0.042,0.04074,0.04175,11880.01,492.29
2018-08-27,ETHBTC,0.04083,0.04179,0.04069,0.04176,4662.66,192.57
2018-08-26,ETHBTC,0.0412,0.04122,0.04061,0.04083,4513.07,184.81
2018-08-25,ETHBTC,0.04205,0.04208,0.0411,0.0412,2365.73,98.27
2018-08-24,ETHBTC,0.04229,0.04241,0.04167,0.04205,7858.5,330.64
2018-08-23,ETHBTC,0.04245,0.04326,0.042,0.04229,6903.28,292.59
2018-08-22,ETHBTC,0.04336,0.04392,0.04141,0.04245,9239.66,396.46
2018-08-21,ETHBTC,0.04329,0.04406,0.0425,0.04336,6619.62,286.99
2018-08-20,ETHBTC,0.04617,0.04667,0.04244,0.04329,16852.46,747.6
2018-08-19,ETHBTC,0.04601,0.04741,0.04562,0.04617,7127.37,332.8
2018-08-18,ETHBTC,0.04825,0.04864,0.04485,0.04601,4813.92,223.84
2018-08-17,ETHBTC,0.0454,0.0485,0.0453,0.04825,12617.15,595.77
2018-08-16,ETHBTC,0.04479,0.04629,0.0446,0.0454,5923.16,268.01
2018-08-15,ETHBTC,0.04494,0.04639,0.04418,0.04479,14644.75,662.93
2018-08-14,ETHBTC,0.04541,0.04544,0.04103,0.04494,27388.38,1189.12
2018-08-13,ETHBTC,0.05035,0.05051,0.0452,0.04541,17524.61,828.61
2018-08-12,ETHBTC,0.051,0.051,0.051,0.051,0.0,0.0
2018-08-11,ETHBTC,0.05396,0.05403,0.051,0.051,11125.97,580.21
2018-08-10,ETHBTC,0.05564,0.05646,0.05364,0.05396,5205.1,286.02
2018-08-09,ETHBTC,0.05658,0.05716,0.05523,0.05564,8916.87,502.77
2018-08-08,ETHBTC,0.05623,0.05769,0.05547,0.05658,11373.79,643.1
2018-08-07,ETHBTC,0.05838,0.05847,0.0552,0.05623,12784.42,731.35
2018-08-06,ETHBTC,0.05816,0.05868,0.05763,0.05838,5615.37,327.44
2018-08-05,ETHBTC,0.05798,0.05862,0.05766,0.05816,4254.54,247.2
2018-08-04,ETHBTC,0.05631,0.05874,0.05582,0.05798,3691.95,211.16
2018-08-03,ETHBTC,0.0545,0.05656,0.05439,0.05631,4988.12,275.6
2018-08-02,ETHBTC,0.05517,0.05552,0.054,0.0545,5469.71,298.15
2018-08-01,ETHBTC,0.05583,0.05641,0.05456,0.05517,6145.28,340.34
2018-07-31,ETHBTC,0.05586,0.05621,0.05434,0.05583,5466.7,302.85
2018-07-30,ETHBTC,0.05673,0.05698,0.05554,0.05586,5517.52,311.05
2018-07-29,ETHBTC,0.05693,0.05708,0.05655,0.05673,1680.89,95.44
2018-07-28,ETHBTC,0.05751,0.05753,0.05668,0.05693,1635.38,93.42
2018-07-27,ETHBTC,0.05831,0.05902,0.05652,0.05751,6978.8,402.03
2018-07-26,ETHBTC,0.0577,0.05888,0.05748,0.05831,6240.07,363.07
2018-07-25,ETHBTC,0.057,0.05819,0.05681,0.0577,6091.13,350.46
2018-07-24,ETHBTC,0.05821,0.05951,0.05648,0.057,13509.91,780.77
2018-07-23,ETHBTC,0.0618,0.0618,0.05797,0.05821,14024.7,833.11
2018-07-22,ETHBTC,0.0623,0.06282,0.06146,0.0618,4157.62,257.65
2018-07-21,ETHBTC,0.06121,0.06334,0.06094,0.0623,5656.23,354.06
2018-07-20,ETHBTC,0.06263,0.06274,0.06,0.06121,16323.59,1000.66
2018-07-19,ETHBTC,0.06497,0.06524,0.06186,0.06263,12125.2,773.67
2018-07-18,ETHBTC,0.06837,0.06863,0.06412,0.06497,19446.79,1286.92
2018-07-17,ETHBTC,0.07117,0.07143,0.06801,0.06837,7400.06,514.06
2018-07-16,ETHBTC,0.0707,0.07188,0.07014,0.07117,4994.86,354.54
2018-07-15,ETHBTC,0.06932,0.07116,0.06912,0.0707,2211.77,155.58
2018-07-14,ETHBTC,0.06948,0.07,0.06912,0.06932,1178.06,81.88
2018-07-13,ETHBTC,0.06889,0.0704,0.06887,0.06948,3797.75,264.66
2018-07-12,ETHBTC,0.06975,0.07022,0.06857,0.06889,3223.69,223.82
2018-07-11,ETHBTC,0.06868,0.06991,0.06759,0.06975,3934.81,270.94
2018-07-10,ETHBTC,0.07068,0.07093,0.06756,0.06868,6899.55,476.08
2018-07-09,ETHBTC,0.07258,0.07265,0.07062,0.07068,3396.89,242.93
2018-07-08,ETHBTC,0.07177,0.07309,0.0716,0.07258,2764.78,200.06
2018-07-07,ETHBTC,0.07104,0.07183,0.0701,0.07177,2430.98,172.88
2018-07-06,ETHBTC,0.07158,0.07175,0.07,0.07104,4570.23,324.23
2018-07-05,ETHBTC,0.07089,0.0718,0.07058,0.07158,5147.64,367.13
2018-07-04,ETHBTC,0.07096,0.072,0.0695,0.07089,6135.78,433.98
2018-07-03,ETHBTC,0.07194,0.07287,0.07062,0.07096,2882.6,206.32
2018-07-02,ETHBTC,0.07103,0.07242,0.07043,0.07194,4673.93,333.31
2018-07-01,ETHBTC,0.07096,0.07148,0.07049,0.07103,2059.17,146.15
2018-06-30,ETHBTC,0.07018,0.07179,0.06986,0.07096,5063.13,358.0
2018-06-29,ETHBTC,0.07176,0.07197,0.06902,0.07018,8433.11,592.32
2018-06-28,ETHBTC,0.072,0.07213,0.0708,0.07176,5443.95,388.92
2018-06-27,ETHBTC,0.07076,0.07255,0.06995,0.072,13657.24,970.95
2018-06-26,ETHBTC,0.07343,0.07365,0.07076,0.07076,7120.74,512.76
2018-06-25,ETHBTC,0.07409,0.0756,0.07275,0.07343,5726.27,423.49
2018-06-24,ETHBTC,0.07692,0.07715,0.07246,0.07409,13838.02,1031.76
2018-06-23,ETHBTC,0.07637,0.07745,0.0756,0.07692,5807.41,446.49
2018-06-22,ETHBTC,0.07822,0.07823,0.07485,0.07637,15023.54,1149.59
2018-06-21,ETHBTC,0.07939,0.08027,0.0776,0.07822,7022.24,554.11
2018-06-20,ETHBTC,0.07976,0.0798,0.07833,0.07939,3124.84,247.29
2018-06-19,ETHBTC,0.07711,0.08013,0.07694,0.07976,5204.12,410.85
2018-06-18,ETHBTC,0.07694,0.07766,0.07625,0.07711,5508.28,423.3
2018-06-17,ETHBTC,0.07651,0.07755,0.07644,0.07694,1919.48,147.66
2018-06-16,ETHBTC,0.07634,0.07743,0.07593,0.07651,3010.05,230.81
2018-06-15,ETHBTC,0.07816,0.0785,0.07465,0.07634,7701.44,588.32
2018-06-14,ETHBTC,0.07552,0.07914,0.07272,0.07816,13183.97,1007.74
2018-06-13,ETHBTC,0.07555,0.07631,0.07225,0.07552,11857.07,881.71
2018-06-12,ETHBTC,0.07725,0.07845,0.07464,0.07555,6800.41,520.93
2018-06-11,ETHBTC,0.07753,0.07889,0.0762,0.07725,6817.04,529.26
2018-06-10,ETHBTC,0.07917,0.07959,0.0753,0.07753,10726.27,835.12
2018-06-09,ETHBTC,0.07866,0.07928,0.07844,0.07917,2536.67,200.22
2018-06-08,ETHBTC,0.07859,0.0792,0.07801,0.07866,3206.78,252.38
2018-06-07,ETHBTC,0.07922,0.07971,0.0782,0.07859,4171.05,328.9
2018-06-06,ETHBTC,0.07983,0.08003,0.07888,0.07922,4538.95,360.09
2018-06-05,ETHBTC,0.07897,0.0805,0.07808,0.07983,6678.51,530.96
2018-06-04,ETHBTC,0.08033,0.08085,0.07767,0.07897,7116.33,563.67
2018-06-03,ETHBTC,0.07735,0.08092,0.07725,0.08033,6570.39,524.04
2018-06-02,ETHBTC,0.07707,0.07817,0.07637,0.07735,3765.41,291.28
2018-06-01,ETHBTC,0.07714,0.07789,0.07584,0.07707,5976.55,460.98
2018-05-31,ETHBTC,0.0755,0.07737,0.07524,0.07714,9079.83,692.08
2018-05-30,ETHBTC,0.0758,0.07759,0.07404,0.0755,6430.98,486.12
2018-05-29,ETHBTC,0.07217,0.07656,0.07217,0.0758,9625.63,718.38
2018-05-28,ETHBTC,0.07766,0.07783,0.07053,0.07217,13462.36,985.32
2018-05-27,ETHBTC,0.07982,0.08038,0.07632,0.07766,5479.35,427.73
2018-05-26,ETHBTC,0.07832,0.08008,0.07769,0.07982,1852.23,147.03
2018-05-25,ETHBTC,0.07942,0.08094,0.0772,0.07832,7798.68,617.47
2018-05-24,ETHBTC,0.07685,0.07942,0.0747,0.07942,9907.43,764.95
2018-05-23,ETHBTC,0.08033,0.08125,0.07511,0.07685,14502.23,1136.1
2018-05-22,ETHBTC,0.08307,0.0837,0.0801,0.08033,6059.14,496.69
2018-05-21,ETHBTC,0.08398,0.08424,0.08217,0.08307,7130.72,593.39
2018-05-20,ETHBTC,0.08431,0.08569,0.08381,0.08398,4141.63,352.04
2018-05-19,ETHBTC,0.08404,0.08563,0.08335,0.08431,3050.8,258.13
2018-05-18,ETHBTC,0.08286,0.08425,0.0825,0.08404,2922.22,244.0
2018-05-17,ETHBTC,0.08463,0.08533,0.08062,0.08286,7723.29,647.94
2018-05-16,ETHBTC,0.08323,0.08488,0.08275,0.08463,7112.83,596.68
2018-05-15,ETHBTC,0.08389,0.08483,0.0824,0.08323,6353.47,531.32
2018-05-14,ETHBTC,0.084,0.0849,0.08171,0.08389,12482.19,1042.14
2018-05-13,ETHBTC,0.0807,0.08528,0.07982,0.084,7226.12,603.55
2018-05-12,ETHBTC,0.08054,0.08119,0.07734,0.0807,7494.46,593.06
2018-05-11,ETHBTC,0.08032,0.08216,0.07819,0.08054,12811.11,1022.61
2018-05-10,ETHBTC,0.08063,0.08213,0.08004,0.08032,6345.84,514.79
2018-05-09,ETHBTC,0.08155,0.08176,0.0616,0.08063,14172.92,1112.09
2018-05-08,ETHBTC,0.08062,0.08209,0.079,0.08155,7353.57,593.46
2018-05-07,ETHBTC,0.08207,0.08247,0.07521,0.08062,16545.24,1303.6
2018-05-06,ETHBTC,0.08296,0.08442,0.08,0.08207,11240.22,921.21
2018-05-05,ETHBTC,0.08089,0.08328,0.08066,0.08296,8131.45,669.26
2018-05-04,ETHBTC,0.07985,0.08297,0.07925,0.08089,21556.59,1741.25
2018-05-03,ETHBTC,0.07444,0.08078,0.07443,0.07985,18339.5,1440.39
2018-05-02,ETHBTC,0.07389,0.075,0.07371,0.07444,7129.86,530.28
2018-05-01,ETHBTC,0.0724,0.07452,0.07048,0.07389,10039.36,731.95
2018-04-30,ETHBTC,0.07325,0.07495,0.07203,0.0724,9169.65,672.17
2018-04-29,ETHBTC,0.07312,0.0739,0.07221,0.07325,7231.89,528.27
2018-04-28,ETHBTC,0.07197,0.07375,0.07197,0.07312,5520.31,404.0
2018-04-27,ETHBTC,0.07129,0.07355,0.07069,0.07197,7906.95,573.09
2018-04-26,ETHBTC,0.0695,0.07177,0.06908,0.07129,10005.09,707.36
2018-04-25,ETHBTC,0.07288,0.07292,0.0618,0.0695,25657.48,1768.5
2018-04-24,ETHBTC,0.07203,0.07592,0.0716,0.07288,15365.56,1138.49
2018-04-23,ETHBTC,0.07067,0.07255,0.07046,0.07203,7257.19,520.76
2018-04-22,ETHBTC,0.06793,0.07207,0.0671,0.07067,14057.86,988.66
2018-04-21,ETHBTC,0.06953,0.06989,0.06676,0.06793,9195.15,630.34
2018-04-20,ETHBTC,0.06852,0.0714,0.0675,0.06953,19290.51,1333.56
2018-04-19,ETHBTC,0.06439,0.06885,0.06358,0.06852,9312.19,615.68
2018-04-18,ETHBTC,0.0637,0.06448,0.06319,0.06439,5485.19,349.44
2018-04-17,ETHBTC,0.06344,0.06416,0.06279,0.0637,4788.51,304.12
2018-04-16,ETHBTC,0.06383,0.064,0.06128,0.06344,7387.26,467.02
2018-04-15,ETHBTC,0.0628,0.064,0.06217,0.06383,6487.53,409.97
2018-04-14,ETHBTC,0.06272,0.06355,0.06142,0.0628,7037.22,440.98
2018-04-13,ETHBTC,0.06248,0.06472,0.06179,0.06272,14248.38,901.99
2018-04-12,ETHBTC,0.062,0.06315,0.05922,0.06248,18561.65,1133.79
2018-04-11,ETHBTC,0.06079,0.06214,0.06027,0.062,8512.7,518.93
2018-04-10,ETHBTC,0.05886,0.0609,0.05841,0.06079,10242.61,608.8
2018-04-09,ETHBTC,0.05698,0.06023,0.05698,0.05886,13806.75,809.43
2018-04-08,ETHBTC,0.05592,0.05728,0.05558,0.05698,2531.7,143.22
2018-04-07,ETHBTC,0.05578,0.05609,0.05513,0.05592,4228.85,234.72
2018-04-06,ETHBTC,0.05623,0.05633,0.05528,0.05578,4527.72,252.67
2018-04-05,ETHBTC,0.05571,0.05655,0.0554,0.05623,6039.75,337.78
2018-04-04,ETHBTC,0.05609,0.0563,0.05338,0.05571,9799.18,536.37
2018-04-03,ETHBTC,0.05443,0.05609,0.0537,0.05609,6889.91,376.97
2018-04-02,ETHBTC,0.05544,0.05582,0.05427,0.05443,7010.86,385.65
2018-04-01,ETHBTC,0.05695,0.05699,0.05506,0.05544,6875.28,384.86
2018-03-31,ETHBTC,0.05756,0.0591,0.05632,0.05695,8504.36,489.02
2018-03-30,ETHBTC,0.0542,0.05761,0.05404,0.05756,17325.85,963.22
2018-03-29,ETHBTC,0.056,0.05652,0.054,0.0542,18244.09,1000.3
2018-03-28,ETHBTC,0.05758,0.05792,0.056,0.056,8085.87,460.51
2018-03-27,ETHBTC,0.05975,0.06009,0.05647,0.05758,12676.0,735.47
2018-03-26,ETHBTC,0.06187,0.06213,0.05898,0.05975,10359.0,622.96
2018-03-25,ETHBTC,0.06095,0.0623,0.06054,0.06187,4050.16,247.91
2018-03-24,ETHBTC,0.06094,0.06113,0.06,0.06095,6970.72,421.85
2018-03-23,ETHBTC,0.06184,0.06205,0.06063,0.06094,9755.23,598.77
2018-03-22,ETHBTC,0.06297,0.06357,0.06087,0.06184,6265.07,388.33
2018-03-21,ETHBTC,0.06262,0.0649,0.06201,0.06297,9430.46,598.19
2018-03-20,ETHBTC,0.06467,0.06478,0.06212,0.06262,11583.85,728.27
2018-03-19,ETHBTC,0.06553,0.06659,0.06333,0.06467,14104.94,908.33
2018-03-18,ETHBTC,0.06979,0.07001,0.062,0.06553,31556.06,2061.57
2018-03-17,ETHBTC,0.07242,0.07367,0.06977,0.06979,7967.09,572.17
2018-03-16,ETHBTC,0.074,0.07447,0.07159,0.07242,11000.18,804.21
2018-03-15,ETHBTC,0.07454,0.07542,0.07261,0.074,11884.93,880.51
2018-03-14,ETHBTC,0.07526,0.07635,0.073,0.07454,14319.28,1070.65
2018-03-13,ETHBTC,0.07649,0.07723,0.07475,0.07526,6939.03,526.82
2018-03-12,ETHBTC,0.07548,0.07707,0.07426,0.07649,8740.5,661.09
2018-03-11,ETHBTC,0.07763,0.0797,0.07472,0.07548,8330.64,642.88
2018-03-10,ETHBTC,0.07859,0.07985,0.07718,0.07763,7117.25,558.41
2018-03-09,ETHBTC,0.07508,0.07881,0.07453,0.07859,14060.99,1081.42
2018-03-08,ETHBTC,0.07578,0.07746,0.0743,0.07508,8538.65,650.09
2018-03-07,ETHBTC,0.07611,0.07664,0.07352,0.07578,12698.17,952.15
2018-03-06,ETHBTC,0.07404,0.07645,0.07404,0.07611,9996.16,753.25
2018-03-05,ETHBTC,0.07514,0.07558,0.07328,0.07404,14098.28,1048.45
2018-03-04,ETHBTC,0.07462,0.07757,0.07457,0.07514,8175.33,622.72
2018-03-03,ETHBTC,0.07764,0.07769,0.0744,0.07462,11212.44,849.37
2018-03-02,ETHBTC,0.07977,0.07979,0.0772,0.07764,14314.0,1122.47
2018-03-01,ETHBTC,0.08268,0.08288,0.07917,0.07977,7623.87,615.42
2018-02-28,ETHBTC,0.08229,0.083,0.08005,0.08268,8333.08,682.18
2018-02-27,ETHBTC,0.08405,0.08534,0.08138,0.08229,10710.59,889.25
2018-02-26,ETHBTC,0.08767,0.08933,0.0834,0.08405,9815.7,847.47
2018-02-25,ETHBTC,0.08605,0.08863,0.08601,0.08767,6968.04,608.68
2018-02-24,ETHBTC,0.08425,0.08651,0.08268,0.08605,8714.13,736.94
2018-02-23,ETHBTC,0.08175,0.08599,0.08143,0.08425,11548.74,974.3
2018-02-22,ETHBTC,0.08016,0.08412,0.07942,0.08175,18699.59,1520.34
2018-02-21,ETHBTC,0.07874,0.08152,0.07773,0.08016,17645.55,1413.52
2018-02-20,ETHBTC,0.08413,0.08434,0.07736,0.07874,21036.81,1696.19
2018-02-19,ETHBTC,0.08792,0.08854,0.08375,0.08413,12143.2,1042.38
2018-02-18,ETHBTC,0.08786,0.08942,0.08604,0.08792,11402.7,999.9
2018-02-17,ETHBTC,0.09225,0.09311,0.08761,0.08786,10612.79,954.21
2018-02-16,ETHBTC,0.09239,0.09438,0.09132,0.09225,7837.31,727.6
2018-02-15,ETHBTC,0.09709,0.09725,0.09135,0.09239,18139.98,1695.23
2018-02-14,ETHBTC,0.09841,0.09899,0.0959,0.09709,11067.28,1078.31
2018-02-13,ETHBTC,0.09757,0.09869,0.09686,0.09841,13196.77,1286.98
2018-02-12,ETHBTC,0.1003,0.1005,0.09693,0.09757,11271.09,1114.06
2018-02-11,ETHBTC,0.09951,0.101,0.09931,0.1003,4561.64,457.2
2018-02-10,ETHBTC,0.1011,0.1015,0.09923,0.09951,10478.07,1051.34
2018-02-09,ETHBTC,0.09877,0.1018,0.09866,0.1011,12312.02,1236.99
2018-02-08,ETHBTC,0.09942,0.1012,0.09599,0.09877,17479.05,1716.43
2018-02-07,ETHBTC,0.102,0.1025,0.09872,0.09942,15575.88,1567.44
2018-02-06,ETHBTC,0.1006,0.1025,0.09201,0.102,42461.81,4180.32
2018-02-05,ETHBTC,0.1012,0.1034,0.09462,0.1006,33488.48,3333.68
2018-02-04,ETHBTC,0.1053,0.1058,0.0995,0.1012,17088.01,1746.34
2018-02-03,ETHBTC,0.1037,0.1074,0.1031,0.1053,15864.54,1671.36
2018-02-02,ETHBTC,0.1132,0.1133,0.0902,0.1037,55507.88,5823.65
2018-02-01,ETHBTC,0.1092,0.1225,0.1091,0.1132,55653.3,6419.45
2018-01-31,ETHBTC,0.1058,0.1105,0.1053,0.1092,26755.1,2899.21
2018-01-30,ETHBTC,0.1045,0.108,0.1028,0.1058,24056.0,2546.08
2018-01-29,ETHBTC,0.105,0.1057,0.09498,0.1045,25812.33,2694.49
2018-01-28,ETHBTC,0.09706,0.1056,0.09657,0.105,37157.62,3785.39
2018-01-27,ETHBTC,0.0945,0.09778,0.09402,0.09706,22234.33,2132.82
2018-01-26,ETHBTC,0.09397,0.0971,0.09206,0.0945,27616.28,2617.42
2018-01-25,ETHBTC,0.0929,0.09519,0.0925,0.09397,20799.63,1953.02
2018-01-24,ETHBTC,0.09071,0.09418,0.09,0.0929,20890.06,1913.88
2018-01-23,ETHBTC,0.09244,0.09269,0.08908,0.09071,18273.45,1662.43
2018-01-22,ETHBTC,0.09108,0.09299,0.09046,0.09244,23050.41,2113.78
2018-01-21,ETHBTC,0.09022,0.09252,0.08932,0.09108,20462.88,1858.86
2018-01-20,ETHBTC,0.09027,0.09112,0.08781,0.09022,18985.0,1697.42
2018-01-19,ETHBTC,0.09055,0.09191,0.08969,0.09027,20517.41,1863.72
2018-01-18,ETHBTC,0.09172,0.0925,0.08789,0.09055,24871.7,2247.35
2018-01-17,ETHBTC,0.08812,0.08812,0.08812,0.08812,0.0,0.0
2018-01-16,ETHBTC,0.08812,0.08812,0.08812,0.08812,0.0,0.0
2018-01-15,ETHBTC,0.08812,0.08812,0.08812,0.08812,0.0,0.0
2018-01-14,ETHBTC,0.08812,0.08812,0.08812,0.08812,0.0,0.0
2018-01-13,ETHBTC,0.08812,0.08812,0.08812,0.08812,0.0,0.0
2018-01-12,ETHBTC,0.08812,0.08812,0.08812,0.08812,0.0,0.0
2018-01-11,ETHBTC,0.08328,0.09161,0.08315,0.08812,9862.04,872.2
2018-01-10,ETHBTC,0.08883,0.09696,0.08202,0.08328,65694.28,6014.43
2018-01-09,ETHBTC,0.07574,0.09054,0.07535,0.08883,46048.81,3767.0
2018-01-08,ETHBTC,0.06821,0.0779,0.0682,0.07574,46085.75,3395.89
2018-01-07,ETHBTC,0.05837,0.0685,0.05827,0.06821,36857.6,2377.07
2018-01-06,ETHBTC,0.05652,0.06132,0.05501,0.05837,27160.3,1605.17
2018-01-05,ETHBTC,0.06175,0.067,0.05301,0.05652,48509.34,2952.89
2018-01-04,ETHBTC,0.06194,0.068,0.05953,0.06175,36688.36,2314.45
2018-01-03,ETHBTC,0.05805,0.0634,0.0565,0.06194,32742.49,1945.77
2018-01-02,ETHBTC,0.05622,0.0647,0.05253,0.05805,58408.59,3544.97
2018-01-01,ETHBTC,0.05323,0.05678,0.05323,0.05622,21494.05,1192.69
2017-12-31,ETHBTC,0.05514,0.05594,0.0522,0.05323,15940.21,858.86
2017-12-30,ETHBTC,0.05115,0.05563,0.0504,0.05514,23644.95,1256.28
2017-12-29,ETHBTC,0.04976,0.0514,0.04904,0.05125,16103.73,814.27
2017-12-28,ETHBTC,0.04794,0.05051,0.04681,0.04976,17570.05,864.4
2017-12-27,ETHBTC,0.04738,0.049,0.04622,0.04794,15750.28,749.01
2017-12-26,ETHBTC,0.05194,0.05319,0.046,0.04738,23520.92,1145.82
2017-12-25,ETHBTC,0.04867,0.0529,0.04861,0.05194,20095.28,1034.07
2017-12-24,ETHBTC,0.04782,0.04893,0.04731,0.04867,13148.97,633.34
2017-12-23,ETHBTC,0.04775,0.04895,0.04552,0.04782,21201.79,1017.51
2017-12-22,ETHBTC,0.0505,0.05149,0.04536,0.04775,60639.11,2944.37
2017-12-21,ETHBTC,0.04834,0.05146,0.04752,0.0505,33191.46,1649.65
2017-12-20,ETHBTC,0.04623,0.049,0.04403,0.04834,38681.92,1813.12
2017-12-19,ETHBTC,0.04115,0.04724,0.04086,0.04623,56743.11,2534.53
2017-12-18,ETHBTC,0.03739,0.04296,0.03704,0.04115,43990.88,1748.33
2017-12-17,ETHBTC,0.03564,0.03866,0.0355,0.03739,36183.15,1342.89
2017-12-16,ETHBTC,0.03848,0.04054,0.03491,0.03564,35915.04,1345.99
2017-12-15,ETHBTC,0.0417,0.04186,0.035,0.03848,53242.03,2006.98
2017-12-14,ETHBTC,0.04246,0.04563,0.04003,0.0417,42400.38,1825.25
2017-12-13,ETHBTC,0.03717,0.04285,0.03581,0.04246,60266.18,2352.51
2017-12-12,ETHBTC,0.0305,0.0375,0.02931,0.03717,89526.39,2908.97
2017-12-11,ETHBTC,0.02882,0.03068,0.02614,0.0305,39463.79,1110.99
2017-12-10,ETHBTC,0.03143,0.03297,0.0281,0.02882,37571.43,1137.68
2017-12-09,ETHBTC,0.02795,0.03494,0.02767,0.03143,48618.5,1539.98
2017-12-08,ETHBTC,0.02531,0.032,0.02405,0.02795,66832.5,1843.1
2017-12-07,ETHBTC,0.03067,0.03206,0.0252,0.02531,76376.94,2132.54
2017-12-06,ETHBTC,0.03889,0.03892,0.02901,0.03067,64592.25,2202.16
2017-12-05,ETHBTC,0.04035,0.04067,0.03821,0.03889,19360.25,756.84
2017-12-04,ETHBTC,0.04116,0.04143,0.04005,0.04035,9113.95,370.66
2017-12-03,ETHBTC,0.04186,0.04247,0.04055,0.04116,16967.63,701.72
2017-12-02,ETHBTC,0.0424,0.04281,0.04112,0.04186,10982.12,461.96
2017-12-01,ETHBTC,0.04357,0.04439,0.04182,0.0424,14631.79,630.61
2017-11-30,ETHBTC,0.0434,0.0445,0.04103,0.04357,20307.88,878.55
2017-11-29,ETHBTC,0.04696,0.04744,0.04314,0.0434,63659.65,2877.91
2017-11-28,ETHBTC,0.04888,0.04948,0.04616,0.04696,24533.51,1161.75
2017-11-27,ETHBTC,0.05072,0.05072,0.04856,0.04888,28575.33,1414.32
2017-11-26,ETHBTC,0.05284,0.05318,0.04752,0.05072,38229.46,1915.85
2017-11-25,ETHBTC,0.05738,0.05837,0.05283,0.05286,35112.74,1949.17
2017-11-24,ETHBTC,0.0511,0.05811,0.04838,0.05738,46876.85,2515.8
2017-11-23,ETHBTC,0.0461,0.05233,0.04574,0.0511,58335.21,2895.22
2017-11-22,ETHBTC,0.04443,0.04648,0.04403,0.0461,18194.32,817.76
2017-11-21,ETHBTC,0.04479,0.046,0.044,0.04443,15904.55,710.74
2017-11-20,ETHBTC,0.044,0.04573,0.04359,0.04479,21445.69,954.7
2017-11-19,ETHBTC,0.04481,0.04832,0.0427,0.044,54283.8,2464.02
2017-11-18,ETHBTC,0.04299,0.045,0.0424,0.04481,20558.44,901.69
2017-11-17,ETHBTC,0.04193,0.04376,0.04091,0.04299,27206.84,1154.85
2017-11-16,ETHBTC,0.04541,0.04646,0.04112,0.04193,32089.14,1389.34
2017-11-15,ETHBTC,0.05051,0.05052,0.04466,0.04541,43297.16,2021.94
2017-11-14,ETHBTC,0.0482,0.05138,0.04705,0.05051,37225.32,1844.22
2017-11-13,ETHBTC,0.05236,0.0543,0.04554,0.0482,36073.35,1779.98
2017-11-12,ETHBTC,0.04961,0.0544,0.04622,0.05236,86492.67,4413.0
2017-11-11,ETHBTC,0.04538,0.051,0.04415,0.04961,35194.54,1692.47
2017-11-10,ETHBTC,0.04476,0.0469,0.04324,0.04538,42200.39,1897.73
2017-11-09,ETHBTC,0.04136,0.04609,0.0412,0.04476,55296.64,2460.03
2017-11-08,ETHBTC,0.04098,0.045,0.0385,0.04136,48610.88,2032.42
2017-11-07,ETHBTC,0.04275,0.04275,0.04038,0.04098,20905.4,863.13
2017-11-06,ETHBTC,0.03999,0.0432,0.03871,0.04275,29616.84,1224.8
2017-11-05,ETHBTC,0.04056,0.04094,0.03853,0.03999,24182.05,953.61
2017-11-04,ETHBTC,0.04244,0.04319,0.03947,0.04056,28454.76,1161.01
2017-11-03,ETHBTC,0.04038,0.04345,0.03918,0.04244,38969.23,1594.63
2017-11-02,ETHBTC,0.04281,0.0435,0.03712,0.04038,66784.87,2718.68
2017-11-01,ETHBTC,0.04673,0.04772,0.04267,0.04281,40882.03,1846.35
2017-10-31,ETHBTC,0.04988,0.0505,0.04669,0.04673,27395.41,1331.19
2017-10-30,ETHBTC,0.04927,0.05077,0.04922,0.04988,12443.91,623.87
2017-10-29,ETHBTC,0.05128,0.05404,0.04901,0.04927,16366.2,839.67
2017-10-28,ETHBTC,0.05127,0.05186,0.05034,0.05128,9056.0,463.57
2017-10-27,ETHBTC,0.05014,0.05179,0.04942,0.05127,10850.46,550.53
2017-10-26,ETHBTC,0.0517,0.05224,0.04928,0.05014,18909.25,958.8
2017-10-25,ETHBTC,0.05371,0.05424,0.0517,0.0517,18719.57,998.16
2017-10-24,ETHBTC,0.04821,0.056,0.04809,0.05371,48538.02,2590.19
2017-10-23,ETHBTC,0.04898,0.04931,0.04727,0.04821,29533.32,1429.29
2017-10-22,ETHBTC,0.04963,0.05155,0.048,0.04898,27869.58,1393.53
2017-10-21,ETHBTC,0.0503,0.05066,0.04708,0.04963,31491.48,1534.63
2017-10-20,ETHBTC,0.05403,0.055,0.04948,0.0503,42691.65,2204.44
2017-10-19,ETHBTC,0.05621,0.05651,0.05335,0.05403,18920.89,1029.9
2017-10-18,ETHBTC,0.05653,0.05744,0.05551,0.05621,15563.35,876.93
2017-10-17,ETHBTC,0.05804,0.05852,0.05556,0.05653,24942.31,1434.55
2017-10-16,ETHBTC,0.05916,0.062,0.05779,0.05804,35789.04,2147.03
2017-10-15,ETHBTC,0.05794,0.06055,0.05741,0.05916,32879.42,1943.5
2017-10-14,ETHBTC,0.05984,0.062,0.05727,0.05794,23328.53,1396.92
2017-10-13,ETHBTC,0.05558,0.06288,0.05116,0.05984,90429.72,5194.11
2017-10-12,ETHBTC,0.06278,0.06357,0.05558,0.05558,57565.86,3369.56
2017-10-11,ETHBTC,0.06281,0.0639,0.06161,0.06278,16177.61,1014.76
2017-10-10,ETHBTC,0.06204,0.06366,0.06025,0.06281,36600.09,2270.72
2017-10-09,ETHBTC,0.06715,0.06754,0.05856,0.06204,67164.28,4242.72
2017-10-08,ETHBTC,0.07016,0.07049,0.0668,0.06715,16027.55,1099.14
2017-10-07,ETHBTC,0.07073,0.07186,0.07005,0.07016,19189.02,1360.45
2017-10-06,ETHBTC,0.06833,0.07097,0.06778,0.07073,8602.76,594.48
2017-10-05,ETHBTC,0.06931,0.06966,0.06768,0.06833,9866.98,677.11
2017-10-04,ETHBTC,0.06778,0.06984,0.06748,0.06931,8885.05,613.33
2017-10-03,ETHBTC,0.06747,0.06869,0.06711,0.06778,10931.19,742.51
2017-10-02,ETHBTC,0.06944,0.06944,0.067,0.06747,16854.94,1142.56
2017-10-01,ETHBTC,0.06968,0.07006,0.069,0.06944,8543.63,593.97
2017-09-30,ETHBTC,0.07029,0.07082,0.06957,0.06968,5900.92,414.26
2017-09-29,ETHBTC,0.07253,0.07253,0.0695,0.07029,12999.42,913.52
2017-09-28,ETHBTC,0.0737,0.07392,0.07157,0.07253,12839.27,930.9
2017-09-27,ETHBTC,0.0742,0.07448,0.07211,0.0737,16491.67,1207.79
2017-09-26,ETHBTC,0.07505,0.07537,0.07336,0.0742,16348.69,1214.06
2017-09-25,ETHBTC,0.07712,0.0774,0.07383,0.07505,22650.39,1706.81
2017-09-24,ETHBTC,0.07516,0.078,0.07516,0.07712,20102.19,1547.35
2017-09-23,ETHBTC,0.07273,0.07564,0.072,0.07516,13719.18,1017.7
2017-09-22,ETHBTC,0.07138,0.0729,0.07125,0.07273,9229.65,665.62
2017-09-21,ETHBTC,0.07354,0.07391,0.07035,0.07138,14918.95,1076.31
2017-09-20,ETHBTC,0.07223,0.07354,0.072,0.07354,7287.62,528.85
2017-09-19,ETHBTC,0.07275,0.073,0.07165,0.07223,10020.37,725.92
2017-09-18,ETHBTC,0.06988,0.07574,0.06958,0.07275,27342.63,1993.91
2017-09-17,ETHBTC,0.06858,0.07039,0.06827,0.06988,9751.42,674.11
2017-09-16,ETHBTC,0.0695,0.06995,0.0682,0.06858,14373.73,991.63
2017-09-15,ETHBTC,0.06907,0.07103,0.0675,0.0695,26350.19,1828.33
2017-09-14,ETHBTC,0.0712,0.07164,0.0675,0.06907,19325.58,1340.5
2017-09-13,ETHBTC,0.07047,0.0713,0.06774,0.0712,17420.54,1215.4
2017-09-12,ETHBTC,0.07069,0.07292,0.06971,0.07047,22083.28,1575.14
2017-09-11,ETHBTC,0.0702,0.07111,0.06961,0.07069,11958.47,840.15
2017-09-10,ETHBTC,0.07019,0.07121,0.06858,0.0702,9121.53,636.05
2017-09-09,ETHBTC,0.0707,0.0714,0.06943,0.07019,12308.5,863.26
2017-09-08,ETHBTC,0.07242,0.0726,0.06926,0.0707,18367.91,1303.59
2017-09-07,ETHBTC,0.07345,0.07365,0.071,0.07242,15798.12,1140.83
2017-09-06,ETHBTC,0.07237,0.0747,0.07174,0.07345,19243.14,1407.55
2017-09-05,ETHBTC,0.0706,0.07481,0.06896,0.07237,30584.0,2166.62
2017-09-04,ETHBTC,0.07605,0.07658,0.06671,0.0706,62592.88,4412.76
2017-09-03,ETHBTC,0.07614,0.07878,0.07469,0.07605,24809.06,1890.96
2017-09-02,ETHBTC,0.07947,0.08179,0.0729,0.07614,49407.54,3774.71
2017-09-01,ETHBTC,0.08199,0.08322,0.07851,0.07947,36036.19,2926.57
2017-08-31,ETHBTC,0.08389,0.08407,0.08138,0.08199,19440.52,1602.49
2017-08-30,ETHBTC,0.08103,0.0861,0.08012,0.08389,42557.8,3554.82
2017-08-29,ETHBTC,0.07925,0.084,0.07854,0.08103,33051.06,2682.53
2017-08-28,ETHBTC,0.08025,0.08132,0.0785,0.07925,27394.3,2187.32
2017-08-27,ETHBTC,0.07679,0.08025,0.0762,0.08025,19273.58,1496.81
2017-08-26,ETHBTC,0.07571,0.07863,0.0752,0.07679,26124.38,1999.97
2017-08-25,ETHBTC,0.07507,0.07806,0.07394,0.07571,18404.34,1398.9
2017-08-24,ETHBTC,0.07657,0.07895,0.07362,0.07507,30862.69,2347.05
2017-08-23,ETHBTC,0.07651,0.07911,0.07501,0.07657,24132.22,1856.04
2017-08-22,ETHBTC,0.08042,0.08549,0.07507,0.07651,56196.7,4466.75
2017-08-21,ETHBTC,0.0735,0.08754,0.07213,0.08042,82274.59,6627.61
2017-08-20,ETHBTC,0.0704,0.07359,0.07028,0.0735,17404.71,1246.62
2017-08-19,ETHBTC,0.07112,0.073,0.07002,0.0704,16640.37,1187.4
2017-08-18,ETHBTC,0.07019,0.0736,0.06965,0.07112,34252.49,2434.79
2017-08-17,ETHBTC,0.06876,0.07132,0.06818,0.07019,36233.08,2532.14
2017-08-16,ETHBTC,0.06895,0.0745,0.0685,0.06876,45051.57,3183.27
2017-08-15,ETHBTC,0.06929,0.072,0.0655,0.06895,70385.14,4837.91
2017-08-14,ETHBTC,0.07226,0.07653,0.065,0.06929,65752.92,4667.62
2017-08-13,ETHBTC,0.0794,0.07971,0.0666,0.07226,95242.36,6940.47
2017-08-12,ETHBTC,0.08482,0.08722,0.0794,0.0794,54309.59,4502.11
2017-08-11,ETHBTC,0.0873,0.08828,0.08273,0.08482,44711.5,3810.17
2017-08-10,ETHBTC,0.0882,0.09098,0.08667,0.0873,29639.72,2640.85
2017-08-09,ETHBTC,0.08698,0.0938,0.08567,0.0882,58670.84,5233.96
2017-08-08,ETHBTC,0.07963,0.088,0.07843,0.08698,50970.92,4257.53
2017-08-07,ETHBTC,0.08211,0.0826,0.07871,0.07963,41277.87,3319.72
2017-08-06,ETHBTC,0.07774,0.08415,0.07728,0.08211,47583.07,3857.94
2017-08-05,ETHBTC,0.07724,0.07831,0.07153,0.07774,65011.2,4890.51
2017-08-04,ETHBTC,0.0806,0.08189,0.0764,0.07724,26097.25,2053.48
2017-08-03,ETHBTC,0.08076,0.08383,0.08,0.0806,30240.98,2462.94
2017-08-02,ETHBTC,0.08284,0.08416,0.07902,0.08076,43700.61,3557.13
2017-08-01,ETHBTC,0.07025,0.0864,0.07025,0.08284,189992.86,14923.19
2017-07-31,ETHBTC,0.07086,0.07288,0.06717,0.07025,90917.93,6358.23
2017-07-30,ETHBTC,0.07594,0.07748,0.0705,0.07086,57683.21,4237.64
2017-07-29,ETHBTC,0.06857,0.07703,0.06613,0.07594,88890.35,6200.96
2017-07-28,ETHBTC,0.0762,0.0762,0.06513,0.06857,85252.97,6019.52
2017-07-27,ETHBTC,0.08021,0.08031,0.0759,0.0762,27306.29,2135.07
2017-07-26,ETHBTC,0.07962,0.08144,0.0781,0.08021,22083.87,1767.04
2017-07-25,ETHBTC,0.08176,0.08176,0.0777,0.07962,36469.5,2915.24
2017-07-24,ETHBTC,0.08308,0.0834,0.08151,0.08176,29138.71,2397.39
2017-07-23,ETHBTC,0.08165,0.08385,0.08023,0.08308,31761.32,2613.92
2017-07-22,ETHBTC,0.08139,0.08404,0.07907,0.08165,39077.52,3163.0
2017-07-21,ETHBTC,0.08045,0.08625,0.0785,0.08139,89056.45,7345.67
2017-07-20,ETHBTC,0.08571,0.0945,0.07256,0.08045,134238.84,11526.17
2017-07-19,ETHBTC,0.09869,0.1046,0.08325,0.08571,113734.23,10688.57
2017-07-18,ETHBTC,0.08534,0.111,0.08274,0.09869,109710.85,10266.87
2017-07-17,ETHBTC,0.08127,0.08697,0.08069,0.08534,77366.69,6463.85
2017-07-16,ETHBTC,0.08573,0.08584,0.074,0.08127,104378.54,8307.61
2017-07-15,ETHBTC,0.08928,0.09115,0.08537,0.08573,35151.14,3105.91
2017-07-14,ETHBTC,0.08757,0.09021,0.083,0.08928,33822.51,2920.75
2017-07-13,ETHBTC,0.094,0.0943,0.083,0.08757,55965.02,4907.89
2017-07-12,ETHBTC,0.08267,0.09445,0.08059,0.094,70586.12,6193.42
2017-07-11,ETHBTC,0.08899,0.0913,0.07518,0.08267,116569.56,9703.97
2017-07-10,ETHBTC,0.0948,0.09564,0.084,0.08899,61880.99,5580.83
2017-07-09,ETHBTC,0.0964,0.09795,0.09412,0.0948,18241.39,1748.75
2017-07-08,ETHBTC,0.09648,0.09844,0.09314,0.0964,32415.22,3105.26
2017-07-07,ETHBTC,0.1023,0.1031,0.09559,0.09648,33042.87,3268.23
2017-07-06,ETHBTC,0.102,0.1055,0.1005,0.1023,25051.62,2579.4
2017-07-05,ETHBTC,0.1033,0.1055,0.09883,0.102,37483.5,3825.57
2017-07-04,ETHBTC,0.1086,0.1094,0.1033,0.1033,42768.41,4562.17
2017-07-03,ETHBTC,0.1136,0.1137,0.108,0.1086,35463.08,3915.44
2017-07-02,ETHBTC,0.1084,0.1165,0.1061,0.1136,47025.14,5206.73
2017-07-01,ETHBTC,0.1147,0.1147,0.1052,0.1084,47616.16,5174.47
2017-06-30,ETHBTC,0.1157,0.12,0.1102,0.1147,47805.05,5531.27
2017-06-29,ETHBTC,0.1233,0.1263,0.1141,0.1157,68997.27,8232.72
2017-06-28,ETHBTC,0.1119,0.125,0.1058,0.1233,90965.29,10525.09
2017-06-27,ETHBTC,0.105,0.1137,0.093,0.1119,97606.12,9928.23
2017-06-26,ETHBTC,0.1104,0.1148,0.09101,0.105,163559.75,16591.11
2017-06-25,ETHBTC,0.1184,0.1204,0.1019,0.1104,94137.92,10403.19
2017-06-24,ETHBTC,0.1214,0.1222,0.1184,0.1184,20910.49,2512.42
2017-06-23,ETHBTC,0.1192,0.125,0.1184,0.1214,38717.38,4689.32
2017-06-22,ETHBTC,0.1224,0.1249,0.1154,0.1192,61132.56,7360.91
2017-06-21,ETHBTC,0.129,0.1314,0.1077,0.1224,147388.02,17625.94
2017-06-20,ETHBTC,0.1378,0.141,0.115,0.129,95099.16,12358.18
2017-06-19,ETHBTC,0.1401,0.141,0.1378,0.1378,23950.32,3333.26
2017-06-18,ETHBTC,0.1394,0.1442,0.139,0.1401,27073.42,3828.54
2017-06-17,ETHBTC,0.143,0.143,0.1372,0.1394,19634.22,2742.09
2017-06-16,ETHBTC,0.1427,0.1452,0.1367,0.143,41540.77,5907.02
2017-06-15,ETHBTC,0.1401,0.143,0.129,0.1427,91288.47,12418.04
2017-06-14,ETHBTC,0.1429,0.1437,0.1356,0.1401,68947.32,9655.64
2017-06-13,ETHBTC,0.149,0.152,0.132,0.1429,108050.34,15323.06
2017-06-12,ETHBTC,0.1143,0.15,0.1133,0.149,197614.05,26707.69
2017-06-11,ETHBTC,0.1162,0.123,0.1082,0.1143,129210.67,15051.92
2017-06-10,ETHBTC,0.09903,0.1219,0.09868,0.1162,154780.52,16669.63
2017-06-09,ETHBTC,0.09255,0.0999,0.0924,0.09903,43475.65,4170.54
2017-06-08,ETHBTC,0.09495,0.09567,0.09199,0.09255,33467.96,3126.04
2017-06-07,ETHBTC,0.0924,0.0951,0.0915,0.09495,34469.89,3212.03
2017-06-06,ETHBTC,0.09172,0.09494,0.08651,0.0924,75862.48,6896.79
2017-06-05,ETHBTC,0.09707,0.09798,0.09171,0.09172,45950.33,4345.97
2017-06-04,ETHBTC,0.08793,0.1007,0.0878,0.09707,76794.01,7346.08
2017-06-03,ETHBTC,0.0893,0.09169,0.0851,0.08793,54279.35,4765.18
2017-06-02,ETHBTC,0.09125,0.0957,0.08905,0.0893,45874.39,4233.72
2017-06-01,ETHBTC,0.09972,0.09972,0.08724,0.09125,102737.31,9601.71
2017-05-31,ETHBTC,0.1047,0.1073,0.09434,0.09972,144971.03,14666.78
2017-05-30,ETHBTC,0.08542,0.1079,0.08398,0.1047,198509.22,18840.14
2017-05-29,ETHBTC,0.07852,0.08618,0.07673,0.08542,80402.97,6554.22
2017-05-28,ETHBTC,0.0757,0.0807,0.075,0.07852,70309.76,5465.92
2017-05-27,ETHBTC,0.07196,0.07717,0.06311,0.0757,147404.44,10396.3
2017-05-26,ETHBTC,0.07479,0.07687,0.07011,0.07196,99035.25,7322.04
2017-05-25,ETHBTC,0.07709,0.0797,0.07081,0.07479,133683.81,10075.07
2017-05-24,ETHBTC,0.07461,7.97,0.07133,0.07709,149332.1,12091.16
2017-05-23,ETHBTC,0.07446,0.07899,0.0703,0.07461,121723.19,9027.07
2017-05-22,ETHBTC,0.07233,0.1,0.06891,0.07446,331516.64,25270.04
2017-05-21,ETHBTC,0.06,0.07233,0.0593,0.07233,136463.67,9110.32
2017-05-20,ETHBTC,0.06342,0.0652,0.06,0.06,136947.13,8576.13
2017-05-19,ETHBTC,0.0507,0.06584,0.05,0.06342,342611.68,20284.43
2017-05-18,ETHBTC,0.04776,0.0744,0.04759,0.0507,194838.1,9838.78
2017-05-17,ETHBTC,0.04937,0.04984,0.04663,0.04776,141230.34,6769.98
2017-05-16,ETHBTC,0.05203,0.05397,0.04931,0.04937,107634.09,5531.27
2017-05-15,ETHBTC,0.04943,0.05492,0.04943,0.05203,94366.28,4965.82
2017-05-14,ETHBTC,0.04923,0.05021,0.04842,0.04943,42724.14,2111.08
2017-05-13,ETHBTC,0.05005,0.0516,0.0492,0.04923,51116.43,2580.09
2017-05-12,ETHBTC,0.04806,0.0521,0.04738,0.05005,85712.62,4296.94
2017-05-11,ETHBTC,0.04912,0.05061,0.04686,0.04806,107521.5,5163.68
2017-05-10,ETHBTC,0.05038,0.05277,0.0481,0.04912,101018.44,5095.85
2017-05-09,ETHBTC,0.05219,0.05339,0.04253,0.05038,315756.3,15221.31
2017-05-08,ETHBTC,0.05832,0.05844,0.05201,0.05219,202306.18,11122.63
2017-05-07,ETHBTC,0.06067,0.064,0.05001,0.05832,134726.08,7878.05
2017-05-06,ETHBTC,0.05915,0.06118,0.0578,0.06067,57322.07,3405.51
2017-05-05,ETHBTC,0.06187,0.06249,0.05701,0.05915,163960.04,9812.96
2017-05-04,ETHBTC,0.05304,0.0632,0.05137,0.06187,209019.19,11908.52
2017-05-03,ETHBTC,0.05238,0.0548,0.05102,0.05304,82232.34,4362.66
2017-05-02,ETHBTC,0.05335,0.05521,0.04931,0.05238,131566.94,6953.58
2017-05-01,ETHBTC,0.05828,0.0605,0.04863,0.05335,300442.81,16541.37
2017-04-30,ETHBTC,0.0515,0.05903,0.05122,0.05828,132055.88,7371.04
2017-04-29,ETHBTC,0.05306,0.05446,0.05002,0.0515,139281.17,7305.55
2017-04-28,ETHBTC,0.04714,0.0585,0.04689,0.05306,256921.16,12950.82
2017-04-27,ETHBTC,0.04098,0.0472,0.0405,0.04714,194246.24,8645.44
2017-04-26,ETHBTC,0.03918,0.04175,0.03907,0.04098,102577.55,4159.92
2017-04-25,ETHBTC,0.03989,0.04,0.03886,0.03918,49887.78,1963.77
2017-04-24,ETHBTC,0.03916,0.04049,0.03916,0.03989,53991.66,2158.48
2017-04-23,ETHBTC,0.03904,0.03955,0.03861,0.03916,27583.81,1074.03
2017-04-22,ETHBTC,0.03869,0.03994,0.0385,0.03904,33972.69,1328.62
2017-04-21,ETHBTC,0.03987,0.03997,0.03854,0.03869,44982.06,1760.42
2017-04-20,ETHBTC,0.03958,0.04196,0.03854,0.03987,70458.7,2794.4
2017-04-19,ETHBTC,0.04146,0.0418,0.03791,0.03958,68209.71,2767.76
2017-04-18,ETHBTC,0.04004,0.04196,0.0395,0.04146,52457.11,2137.75
2017-04-17,ETHBTC,0.04095,0.04117,0.03961,0.04004,42698.88,1727.89
2017-04-16,ETHBTC,0.04159,0.04161,0.04001,0.04095,25099.46,1025.05
2017-04-15,ETHBTC,0.04005,0.04209,0.03917,0.04159,62493.78,2544.39
2017-04-14,ETHBTC,0.04254,0.04262,0.03901,0.04005,86394.78,3483.09
2017-04-13,ETHBTC,0.03812,0.0439,0.03789,0.04254,155416.85,6409.77
2017-04-12,ETHBTC,0.03571,0.0395,0.03534,0.03812,110247.31,4101.23
2017-04-11,ETHBTC,0.03614,0.03714,0.03521,0.03571,46669.39,1680.77
2017-04-10,ETHBTC,0.03619,0.03712,0.03505,0.03614,41194.49,1483.17
2017-04-09,ETHBTC,0.0375,0.03788,0.03535,0.03619,62541.63,2278.81
2017-04-08,ETHBTC,0.03521,0.0389,0.03521,0.0375,101104.19,3800.1
2017-04-07,ETHBTC,0.03644,0.03783,0.03457,0.03521,91894.15,3306.43
2017-04-06,ETHBTC,0.03972,0.04,0.03412,0.03644,205074.33,7606.71
2017-04-05,ETHBTC,0.03896,0.0426,0.03848,0.03972,118417.21,4853.53
2017-04-04,ETHBTC,0.03849,0.04074,0.03525,0.03896,193077.29,7281.85
2017-04-03,ETHBTC,0.04373,0.04392,0.037,0.03849,207409.57,8290.25
2017-04-02,ETHBTC,0.04626,0.04717,0.0395,0.04373,161873.93,7193.75
2017-04-01,ETHBTC,0.04612,0.04858,0.044,0.04626,73058.76,3374.82
2017-03-31,ETHBTC,0.04981,0.04981,0.04317,0.04612,185024.56,8606.38
2017-03-30,ETHBTC,0.05079,0.05186,0.04935,0.04981,61566.64,3100.04
2017-03-29,ETHBTC,0.04824,0.053,0.04793,0.05079,114053.56,5778.35
2017-03-28,ETHBTC,0.04686,0.0585,0.04552,0.04824,88961.42,4219.66
2017-03-27,ETHBTC,0.05222,0.05363,0.04591,0.04686,156670.2,7783.94
2017-03-26,ETHBTC,0.0525,0.05443,0.04841,0.05222,197014.57,10099.35
2017-03-25,ETHBTC,0.05669,0.05767,0.05025,0.0525,284691.49,15383.15
2017-03-24,ETHBTC,0.0419,0.05814,0.0416,0.05669,358460.12,17519.34
2017-03-23,ETHBTC,0.03985,0.043,0.03865,0.0419,152831.25,6235.63
2017-03-22,ETHBTC,0.03815,0.04108,0.03629,0.03985,158449.82,6167.24
2017-03-21,ETHBTC,0.04056,0.04136,0.0372,0.03815,143433.88,5611.79
2017-03-20,ETHBTC,0.04233,0.04342,0.03926,0.04056,194947.95,8119.95
2017-03-19,ETHBTC,0.03507,0.04357,0.0349,0.04233,293740.82,11514.6
2017-03-18,ETHBTC,0.04169,0.04199,0.0321,0.03507,425660.74,15756.71
2017-03-17,ETHBTC,0.0383,0.0482,0.03177,0.04169,779135.07,31578.88
2017-03-16,ETHBTC,0.02799,0.04059,0.02541,0.0383,971186.92,32432.83
2017-03-15,ETHBTC,0.02291,0.028,0.02245,0.02799,364565.73,9189.71
2017-03-14,ETHBTC,0.02298,0.02437,0.02152,0.02291,274314.64,6232.43
2017-03-13,ETHBTC,0.01898,0.025,0.01893,0.02298,557649.2,12403.66
2017-03-12,ETHBTC,0.01819,0.0194,0.01773,0.01898,200782.89,3755.27
2017-03-11,ETHBTC,0.01723,0.01838,0.01626,0.01819,185914.01,3185.19
2017-03-10,ETHBTC,0.0148,0.01789,0.01408,0.01723,317392.56,5032.03
2017-03-09,ETHBTC,0.01434,0.01497,0.01415,0.0148,79989.19,1170.58
2017-03-08,ETHBTC,0.01527,0.01539,0.01432,0.01434,118345.77,1764.54
2017-03-07,ETHBTC,0.01526,0.0156,0.0148,0.01527,93029.79,1420.92
2017-03-06,ETHBTC,0.01512,0.01577,0.0149,0.01526,102541.03,1578.22
2017-03-05,ETHBTC,0.01463,0.0153,0.01426,0.01512,96784.15,1438.39
2017-03-04,ETHBTC,0.01516,0.01566,0.0144,0.01463,83083.09,1258.07
2017-03-03,ETHBTC,0.01517,0.01637,0.01431,0.01516,299769.73,4644.11
2017-03-02,ETHBTC,0.01419,0.01585,0.01355,0.01517,382030.62,5696.59
2017-03-01,ETHBTC,0.0134,0.01425,0.01275,0.01419,182009.25,2422.47
2017-02-28,ETHBTC,0.01297,0.01349,0.01255,0.0134,267740.55,3526.44
2017-02-27,ETHBTC,0.01239,0.01324,0.01208,0.01297,101919.64,1278.87
2017-02-26,ETHBTC,0.01177,0.01242,0.0116,0.01239,67584.81,809.6
2017-02-25,ETHBTC,0.01105,0.01197,0.01095,0.01177,64330.43,743.91
2017-02-24,ETHBTC,0.01118,0.01148,0.01068,0.01105,104191.85,1152.3
2017-02-23,ETHBTC,0.01124,0.0114,0.01103,0.01118,83489.72,936.02
2017-02-22,ETHBTC,0.0113,0.0116,0.01112,0.01124,41834.56,474.19
2017-02-21,ETHBTC,0.01145,0.01173,0.01119,0.0113,71197.67,814.66
2017-02-20,ETHBTC,0.01215,0.0124,0.01141,0.01145,53048.15,633.14
2017-02-19,ETHBTC,0.01212,0.01229,0.01205,0.01215,26534.22,322.58
2017-02-18,ETHBTC,0.01205,0.01217,0.0119,0.01212,32477.36,390.74
2017-02-17,ETHBTC,0.01242,0.01244,0.0119,0.01205,69346.03,842.66
2017-02-16,ETHBTC,0.01276,0.01278,0.01208,0.01242,55448.34,687.33
2017-02-15,ETHBTC,0.01281,0.01295,0.0125,0.01276,73511.43,934.65
2017-02-14,ETHBTC,0.01135,0.0134,0.01134,0.01281,259142.74,3192.78
2017-02-13,ETHBTC,0.01138,0.01148,0.01118,0.01135,38939.34,441.4
2017-02-12,ETHBTC,0.01129,0.01142,0.01122,0.01138,28641.32,323.67
2017-02-11,ETHBTC,0.01133,0.01142,0.01116,0.01129,32835.87,370.85
2017-02-10,ETHBTC,0.01109,0.01154,0.01105,0.01133,63976.37,725.94
2017-02-09,ETHBTC,0.01073,0.01132,0.01056,0.01109,109734.15,1202.95
2017-02-08,ETHBTC,0.01087,0.0109,0.01067,0.01073,34100.86,367.85
2017-02-07,ETHBTC,0.01104,0.01109,0.0108,0.01087,37192.68,407.03
2017-02-06,ETHBTC,0.01106,0.01115,0.01091,0.01104,20496.89,226.13
2017-02-05,ETHBTC,0.01098,0.01116,0.01085,0.01106,28348.52,311.79
2017-02-04,ETHBTC,0.01079,0.01135,0.01077,0.01098,185365.19,2048.41
2017-02-03,ETHBTC,0.01073,0.01088,0.01044,0.01079,105624.93,1123.72
2017-02-02,ETHBTC,0.01084,0.01091,0.01063,0.01073,82352.93,885.63
2017-02-01,ETHBTC,0.01104,0.0112,0.01071,0.01084,96734.54,1059.41
2017-01-31,ETHBTC,0.01147,0.01156,0.01103,0.01104,88467.23,987.66
2017-01-30,ETHBTC,0.01145,0.01168,0.01135,0.01147,49924.45,572.41
2017-01-29,ETHBTC,0.01146,0.0115,0.01133,0.01145,11464.33,130.82
2017-01-28,ETHBTC,0.01143,0.01174,0.01132,0.01146,52033.0,595.02
2017-01-27,ETHBTC,0.0116,0.01162,0.01133,0.01143,37343.96,427.34
2017-01-26,ETHBTC,0.01171,0.01174,0.01146,0.0116,56024.77,648.56
2017-01-25,ETHBTC,0.01177,0.01202,0.01165,0.01171,30174.08,354.94
2017-01-24,ETHBTC,0.01166,0.01187,0.01158,0.01177,37110.26,435.01
2017-01-23,ETHBTC,0.01161,0.01176,0.01151,0.01166,40954.11,476.92
2017-01-22,ETHBTC,0.01185,0.01185,0.0116,0.01161,39702.51,465.03
2017-01-21,ETHBTC,0.01183,0.01199,0.01148,0.01185,61903.25,724.2
2017-01-20,ETHBTC,0.01157,0.01214,0.01155,0.01183,77373.17,912.93
2017-01-19,ETHBTC,0.01161,0.01165,0.01132,0.01157,114118.92,1314.57
2017-01-18,ETHBTC,0.01126,0.01179,0.01126,0.01161,121405.67,1395.2
2017-01-17,ETHBTC,0.01154,0.01185,0.01102,0.01126,240597.43,2760.72
2017-01-16,ETHBTC,0.0119,0.01192,0.01139,0.01154,60061.49,697.3
2017-01-15,ETHBTC,0.01183,0.01209,0.01174,0.0119,39404.24,469.71
2017-01-14,ETHBTC,0.01172,0.01199,0.01141,0.01183,68622.28,802.79
2017-01-13,ETHBTC,0.012,0.01222,0.01151,0.01172,133525.71,1578.99
2017-01-12,ETHBTC,0.01228,0.01268,0.01193,0.012,128782.18,1568.16
2017-01-11,ETHBTC,0.01165,0.013,0.01151,0.01228,196284.52,2372.54
2017-01-10,ETHBTC,0.01139,0.01183,0.01123,0.01165,72097.21,832.87
2017-01-09,ETHBTC,0.0113,0.01245,0.01124,0.01139,196139.91,2310.19
2017-01-08,ETHBTC,0.01097,0.01151,0.01054,0.0113,101774.88,1122.34
2017-01-07,ETHBTC,0.01141,0.01185,0.01072,0.01097,177584.09,2010.33
2017-01-06,ETHBTC,0.01022,0.0116,0.01003,0.01141,221861.68,2425.84
2017-01-05,ETHBTC,0.009662,0.0106,0.009231,0.01022,327061.43,3264.85
2017-01-04,ETHBTC,0.009317,0.01025,0.009053,0.009662,323076.91,3138.72
2017-01-03,ETHBTC,0.008191,0.009744,0.008052,0.009317,324741.65,2967.35
2017-01-02,ETHBTC,0.008183,0.008396,0.007851,0.008191,121471.12,986.04
2017-01-01,ETHBTC,0.008324,0.008938,0.008019,0.008183,89254.14,752.33
2016-12-31,ETHBTC,0.008457,0.008612,0.008223,0.008324,38160.93,320.87
2016-12-30,ETHBTC,0.00844,0.008998,0.008361,0.008457,137439.02,1188.11
2016-12-29,ETHBTC,0.00768,0.0089,0.007672,0.00844,269256.34,2274.59
2016-12-28,ETHBTC,0.00769,0.008099,0.007213,0.00768,329862.97,2519.43
2016-12-27,ETHBTC,0.008014,0.00815,0.0075,0.00769,149513.67,1156.09
2016-12-26,ETHBTC,0.008065,0.008211,0.007781,0.008014,64039.8,511.35
2016-12-25,ETHBTC,0.008106,0.008478,0.008,0.008065,109130.12,901.3
2016-12-24,ETHBTC,0.007768,0.00832,0.007676,0.008106,114893.79,925.02
2016-12-23,ETHBTC,0.008878,0.008878,0.007672,0.007768,299259.62,2449.22
2016-12-22,ETHBTC,0.009491,0.009522,0.008515,0.008878,237368.51,2115.06
2016-12-21,ETHBTC,0.009488,0.009699,0.009326,0.009491,164840.99,1567.72
2016-12-20,ETHBTC,0.0096,0.009817,0.009451,0.009488,79548.47,765.23
2016-12-19,ETHBTC,0.009951,0.00996,0.00956,0.0096,48026.38,467.57
2016-12-18,ETHBTC,0.009763,0.0101,0.009726,0.009951,67733.14,672.87
2016-12-17,ETHBTC,0.00997,0.01002,0.009465,0.009763,87959.66,848.45
2016-12-16,ETHBTC,0.01004,0.0102,0.009868,0.00997,51268.58,512.96
2016-12-15,ETHBTC,0.01059,0.01059,0.009875,0.01004,134041.73,1362.09
2016-12-14,ETHBTC,0.01074,0.01097,0.01052,0.01059,47954.19,514.25
2016-12-13,ETHBTC,0.0109,0.01097,0.01063,0.01074,40011.84,430.57
2016-12-12,ETHBTC,0.0107,0.01107,0.01045,0.0109,90442.52,974.87
2016-12-11,ETHBTC,0.01047,0.0108,0.01044,0.0107,81762.61,870.68
2016-12-10,ETHBTC,0.01103,0.01105,0.01024,0.01047,120953.92,1273.32
2016-12-09,ETHBTC,0.01081,0.01127,0.01043,0.01103,130498.32,1421.89
2016-12-08,ETHBTC,0.01088,0.01159,0.01066,0.01081,185890.07,2063.19
2016-12-07,ETHBTC,0.01016,0.01128,0.0096,0.01088,304813.99,3153.62
2016-12-06,ETHBTC,0.008863,0.01045,0.007764,0.01016,793403.66,7141.67
2016-12-05,ETHBTC,0.00977,0.01006,0.008553,0.008863,261991.37,2450.87
2016-12-04,ETHBTC,0.0103,0.01035,0.00965,0.00977,97120.79,966.86
2016-12-03,ETHBTC,0.009912,0.01067,0.009758,0.0103,165882.7,1696.37
2016-12-02,ETHBTC,0.01124,0.01124,0.009512,0.009912,232692.17,2359.77
2016-12-01,ETHBTC,0.0116,0.01162,0.01096,0.01124,73271.42,821.32
2016-11-30,ETHBTC,0.01111,0.01187,0.01092,0.0116,139629.49,1593.21
2016-11-29,ETHBTC,0.01188,0.01188,0.0106,0.01111,238116.71,2633.71
2016-11-28,ETHBTC,0.01234,0.01238,0.0118,0.01188,61682.6,739.28
2016-11-27,ETHBTC,0.01264,0.01274,0.01186,0.01234,90627.59,1108.36
2016-11-26,ETHBTC,0.0126,0.01288,0.0125,0.01264,32670.49,414.22
2016-11-25,ETHBTC,0.0124,0.01329,0.0124,0.0126,92489.3,1186.37
2016-11-24,ETHBTC,0.01316,0.01325,0.01163,0.0124,270735.65,3368.99
2016-11-23,ETHBTC,0.01311,0.01349,0.01302,0.01316,57715.75,765.34
2016-11-22,ETHBTC,0.01301,0.0139,0.01275,0.01311,138814.34,1852.05
2016-11-21,ETHBTC,0.01307,0.0132,0.0128,0.01301,35784.33,464.83
2016-11-20,ETHBTC,0.0129,0.01345,0.01267,0.01307,69308.23,907.03
2016-11-19,ETHBTC,0.01263,0.01309,0.01258,0.0129,51495.53,661.95
2016-11-18,ETHBTC,0.01349,0.01357,0.0125,0.01263,118017.27,1517.19
2016-11-17,ETHBTC,0.01351,0.01375,0.01315,0.01349,48747.88,654.52
2016-11-16,ETHBTC,0.01429,0.01455,0.0133,0.01351,78308.64,1082.16
2016-11-15,ETHBTC,0.01417,0.01456,0.01376,0.01429,59829.87,849.44
2016-11-14,ETHBTC,0.01436,0.01448,0.014,0.01417,38008.66,540.24
2016-11-13,ETHBTC,0.01412,0.01499,0.0137,0.01436,140980.55,2037.94
2016-11-12,ETHBTC,0.01431,0.01466,0.0138,0.01412,106381.76,1505.01
2016-11-11,ETHBTC,0.01472,0.01482,0.01428,0.01431,43880.48,637.96
2016-11-10,ETHBTC,0.0148,0.01497,0.01463,0.01472,38157.77,564.8
2016-11-09,ETHBTC,0.01526,0.01531,0.01363,0.0148,187436.54,2687.24
2016-11-08,ETHBTC,0.01546,0.01549,0.0149,0.01526,35819.68,545.43
2016-11-07,ETHBTC,0.01534,0.01557,0.01511,0.01546,43132.02,664.46
2016-11-06,ETHBTC,0.01573,0.01579,0.01523,0.01534,48550.92,750.87
2016-11-05,ETHBTC,0.01583,0.0159,0.01545,0.01573,31806.88,500.39
2016-11-04,ETHBTC,0.01572,0.01599,0.01528,0.01583,62283.63,978.53
2016-11-03,ETHBTC,0.01471,0.01624,0.01445,0.01572,156090.09,2389.45
2016-11-02,ETHBTC,0.01466,0.0155,0.01455,0.01471,74949.8,1124.65
2016-11-01,ETHBTC,0.01566,0.01577,0.014,0.01466,236944.46,3483.27
2016-10-31,ETHBTC,0.0161,0.01649,0.01536,0.01566,97990.27,1560.4
2016-10-30,ETHBTC,0.01444,0.01639,0.01441,0.0161,156051.75,2377.55
2016-10-29,ETHBTC,0.01605,0.01613,0.01319,0.01444,292687.53,4244.36
2016-10-28,ETHBTC,0.0167,0.0169,0.01551,0.01605,147558.99,2397.47
2016-10-27,ETHBTC,0.01705,0.01707,0.01626,0.0167,110925.58,1846.83
2016-10-26,ETHBTC,0.0174,0.01756,0.01605,0.01705,117155.81,2015.1
2016-10-25,ETHBTC,0.01827,0.01827,0.01676,0.0174,145284.09,2539.35
2016-10-24,ETHBTC,0.01838,0.01845,0.01826,0.01827,20755.37,381.03
2016-10-23,ETHBTC,0.01848,0.0185,0.01804,0.01838,32467.56,593.86
2016-10-22,ETHBTC,0.01916,0.01922,0.01826,0.01848,48016.48,896.9
2016-10-21,ETHBTC,0.01908,0.01925,0.01893,0.01916,26001.45,496.36
2016-10-20,ETHBTC,0.019,0.0195,0.019,0.01908,37657.11,722.76
2016-10-19,ETHBTC,0.01965,0.01983,0.01884,0.019,61951.23,1195.43
2016-10-18,ETHBTC,0.0188,0.0203,0.01873,0.01965,164870.52,3253.24
2016-10-17,ETHBTC,0.01852,0.01886,0.01843,0.0188,41816.39,779.67
2016-10-16,ETHBTC,0.0188,0.01881,0.01852,0.01852,20099.2,374.82
2016-10-15,ETHBTC,0.01866,0.01887,0.01827,0.0188,23655.19,437.98
2016-10-14,ETHBTC,0.01897,0.0191,0.0183,0.01866,44343.75,828.03
2016-10-13,ETHBTC,0.01843,0.01906,0.018,0.01897,76776.65,1432.25
2016-10-12,ETHBTC,0.01829,0.01891,0.01806,0.01843,98045.44,1816.56
2016-10-11,ETHBTC,0.01894,0.02018,0.01811,0.01829,135318.81,2551.77
2016-10-10,ETHBTC,0.01946,0.01955,0.01878,0.01894,78562.58,1504.37
2016-10-09,ETHBTC,0.01972,0.02006,0.01931,0.01946,46114.68,912.44
2016-10-08,ETHBTC,0.02045,0.0205,0.01934,0.01972,96665.78,1917.34
2016-10-07,ETHBTC,0.02097,0.0215,0.02021,0.02045,67924.98,1400.58
2016-10-06,ETHBTC,0.0213,0.0215,0.02046,0.02097,97008.68,2032.21
2016-10-05,ETHBTC,0.02173,0.02188,0.02121,0.0213,65997.65,1419.65
2016-10-04,ETHBTC,0.022,0.02211,0.02155,0.02173,52061.37,1137.04
2016-10-03,ETHBTC,0.02159,0.0221,0.02142,0.022,54599.52,1190.63
2016-10-02,ETHBTC,0.02151,0.022,0.0213,0.02159,40917.84,885.8
2016-10-01,ETHBTC,0.02171,0.02173,0.0212,0.02151,47858.95,1027.7
2016-09-30,ETHBTC,0.02164,0.022,0.0215,0.02171,39295.99,859.54
2016-09-29,ETHBTC,0.02193,0.02209,0.02135,0.02164,46408.88,1006.24
2016-09-28,ETHBTC,0.02157,0.02231,0.02143,0.02193,41699.92,914.46
2016-09-27,ETHBTC,0.0211,0.02198,0.02104,0.02157,49210.54,1066.44
2016-09-26,ETHBTC,0.02168,0.02195,0.02098,0.0211,47210.47,1005.21
2016-09-25,ETHBTC,0.02138,0.022,0.02124,0.02168,42597.38,922.09
2016-09-24,ETHBTC,0.02216,0.02216,0.0209,0.02138,52643.53,1130.85
2016-09-23,ETHBTC,0.02196,0.02268,0.02185,0.02216,76675.13,1704.07
2016-09-22,ETHBTC,0.02294,0.02311,0.0208,0.02196,188439.76,4089.3
2016-09-21,ETHBTC,0.02351,0.02409,0.02202,0.02294,221434.97,5108.52
2016-09-20,ETHBTC,0.02115,0.02368,0.02115,0.02351,271936.21,6100.47
2016-09-19,ETHBTC,0.01988,0.02141,0.0196,0.02115,119651.95,2503.54
2016-09-18,ETHBTC,0.021,0.02148,0.01963,0.01988,246230.05,5039.52
2016-09-17,ETHBTC,0.02072,0.02106,0.02039,0.021,28839.27,599.43
2016-09-16,ETHBTC,0.01957,0.02106,0.01953,0.02072,89389.32,1836.2
2016-09-15,ETHBTC,0.01953,0.0199,0.0195,0.01957,39564.49,780.61
2016-09-14,ETHBTC,0.0195,0.01965,0.0193,0.01953,30954.27,603.98
2016-09-13,ETHBTC,0.01966,0.01994,0.01937,0.0195,70590.01,1389.6
2016-09-12,ETHBTC,0.01923,0.01968,0.01862,0.01966,62504.57,1208.66
2016-09-11,ETHBTC,0.0194,0.01969,0.01861,0.01923,90890.27,1746.62
2016-09-10,ETHBTC,0.01871,0.0194,0.01843,0.0194,35948.99,677.62
2016-09-09,ETHBTC,0.01809,0.01884,0.01802,0.01871,53042.45,983.46
2016-09-08,ETHBTC,0.01885,0.01902,0.01781,0.01809,119716.52,2185.43
2016-09-07,ETHBTC,0.01911,0.01932,0.0187,0.01885,48699.24,925.55
2016-09-06,ETHBTC,0.01935,0.01939,0.0188,0.01911,43121.7,820.12
2016-09-05,ETHBTC,0.01918,0.01961,0.01906,0.01935,51667.17,998.72
2016-09-04,ETHBTC,0.01969,0.01979,0.01901,0.01918,52086.74,1004.69
2016-09-03,ETHBTC,0.02102,0.02153,0.0193,0.01969,123721.59,2505.38
2016-09-02,ETHBTC,0.02127,0.0215,0.02062,0.02102,50250.78,1057.63
2016-09-01,ETHBTC,0.02015,0.02208,0.02011,0.02127,181166.92,3857.77
2016-08-31,ETHBTC,0.01951,0.02022,0.01934,0.02015,49345.89,980.89
2016-08-30,ETHBTC,0.01902,0.01963,0.019,0.01951,56151.26,1088.95
2016-08-29,ETHBTC,0.01904,0.0194,0.01863,0.01902,59321.86,1129.61
2016-08-28,ETHBTC,0.0196,0.01961,0.01901,0.01904,34788.24,671.75
2016-08-27,ETHBTC,0.01952,0.01975,0.0194,0.0196,24904.86,487.25
2016-08-26,ETHBTC,0.01964,0.01985,0.0193,0.01952,33342.0,652.11
2016-08-25,ETHBTC,0.01898,0.01975,0.01897,0.01964,53646.19,1046.56
2016-08-24,ETHBTC,0.0189,0.01926,0.01886,0.01898,28082.14,536.11
2016-08-23,ETHBTC,0.01884,0.01924,0.01868,0.0189,26352.72,497.98
2016-08-22,ETHBTC,0.0192,0.01942,0.0188,0.01884,35409.64,677.64
2016-08-21,ETHBTC,0.01944,0.01945,0.01877,0.0192,38937.9,741.65
2016-08-20,ETHBTC,0.01876,0.0195,0.01863,0.01944,50837.53,977.58
2016-08-19,ETHBTC,0.01873,0.01905,0.01859,0.01876,36116.75,676.23
2016-08-18,ETHBTC,0.01878,0.01926,0.0187,0.01873,55044.57,1046.63
2016-08-17,ETHBTC,0.01925,0.01939,0.0187,0.01878,61013.96,1163.66
2016-08-16,ETHBTC,0.01976,0.02013,0.01875,0.01925,93067.03,1814.66
2016-08-15,ETHBTC,0.01965,0.01987,0.01934,0.01976,35654.65,699.37
2016-08-14,ETHBTC,0.01966,0.02013,0.01939,0.01965,75047.92,1487.27
2016-08-13,ETHBTC,0.02011,0.02014,0.01961,0.01966,48850.49,970.61
2016-08-12,ETHBTC,0.01983,0.02061,0.01975,0.02011,75687.3,1525.66
2016-08-11,ETHBTC,0.02089,0.02095,0.01952,0.01983,110450.31,2213.33
2016-08-10,ETHBTC,0.02081,0.0214,0.0197,0.02089,278929.43,5742.73
2016-08-09,ETHBTC,0.01913,0.02124,0.01901,0.02081,232951.24,4705.55
2016-08-08,ETHBTC,0.01855,0.01925,0.01831,0.01913,80517.4,1503.69
2016-08-07,ETHBTC,0.0186,0.0189,0.01801,0.01855,103356.33,1907.83
2016-08-06,ETHBTC,0.01898,0.01908,0.01785,0.0186,109094.74,2013.73
2016-08-05,ETHBTC,0.01925,0.01949,0.01875,0.01898,134211.3,2564.21
2016-08-04,ETHBTC,0.01792,0.01975,0.0178,0.01925,283999.57,5392.32
2016-08-03,ETHBTC,0.01629,0.01894,0.0158,0.01792,472359.29,8196.8
2016-08-02,ETHBTC,0.0182,0.01824,0.0137,0.01629,1013422.92,16422.13
2016-08-01,ETHBTC,0.019,0.01939,0.0182,0.0182,176795.84,3288.6
2016-07-31,ETHBTC,0.01909,0.0197,0.01815,0.019,205899.0,3900.86
2016-07-30,ETHBTC,0.01966,0.01966,0.01909,0.01909,46675.75,898.55
2016-07-29,ETHBTC,0.01964,0.01972,0.01912,0.01966,89229.81,1730.76
2016-07-28,ETHBTC,0.01996,0.01996,0.019,0.01964,167957.97,3258.55
2016-07-27,ETHBTC,0.01831,0.02058,0.018,0.01996,401466.55,7854.31
2016-07-26,ETHBTC,0.02116,0.02124,0.01757,0.01831,621496.6,11864.13
2016-07-25,ETHBTC,0.01905,0.02124,0.01905,0.02116,211631.3,4322.37
2016-07-24,ETHBTC,0.0217,0.0221,0.0185,0.01905,510616.07,10149.17
2016-07-23,ETHBTC,0.02265,0.02296,0.02137,0.0217,196958.04,4348.26
2016-07-22,ETHBTC,0.01885,0.0228,0.01876,0.02265,464087.04,9679.59
2016-07-21,ETHBTC,0.01868,0.0192,0.01791,0.01885,185091.55,3462.86
2016-07-20,ETHBTC,0.01737,0.01963,0.01716,0.01868,547895.71,10141.35
2016-07-19,ETHBTC,0.0163,0.01801,0.01627,0.01737,181073.16,3108.22
2016-07-18,ETHBTC,0.0165,0.01713,0.01621,0.0163,130365.74,2178.61
2016-07-17,ETHBTC,0.01753,0.01768,0.01617,0.0165,172286.51,2902.74
2016-07-16,ETHBTC,0.01789,0.01815,0.01741,0.01753,93329.75,1655.03
2016-07-15,ETHBTC,0.01751,0.0189,0.01735,0.01789,251001.22,4565.33
2016-07-14,ETHBTC,0.01579,0.0178,0.01578,0.01751,223728.88,3785.4
2016-07-13,ETHBTC,0.01563,0.01607,0.01557,0.01579,51769.71,819.84
2016-07-12,ETHBTC,0.01621,0.01657,0.0155,0.01563,93916.81,1505.16
2016-07-11,ETHBTC,0.01685,0.01689,0.01573,0.01621,115857.95,1877.62
2016-07-10,ETHBTC,0.01677,0.01709,0.0166,0.01685,46876.83,788.75
2016-07-09,ETHBTC,0.01696,0.0176,0.01642,0.01677,129298.78,2183.08
2016-07-08,ETHBTC,0.01581,0.01777,0.01553,0.01696,196340.52,3249.1
2016-07-07,ETHBTC,0.01547,0.01626,0.015,0.01581,184444.25,2894.33
2016-07-06,ETHBTC,0.01582,0.01656,0.01519,0.01547,256682.27,4077.71
2016-07-05,ETHBTC,0.01682,0.01692,0.01411,0.01582,532165.57,8061.83
2016-07-04,ETHBTC,0.01772,0.01791,0.01641,0.01682,123202.56,2101.2
2016-07-03,ETHBTC,0.01738,0.0182,0.01715,0.01772,88506.57,1563.39
2016-07-02,ETHBTC,0.01828,0.01828,0.01715,0.01738,85730.4,1495.65
2016-07-01,ETHBTC,0.01857,0.01862,0.01722,0.01828,201027.54,3593.61
2016-06-30,ETHBTC,0.01998,0.02003,0.01833,0.01857,215805.56,4087.5
2016-06-29,ETHBTC,0.01891,0.02049,0.01812,0.01998,262669.09,5045.67
2016-06-28,ETHBTC,0.02159,0.02165,0.01756,0.01891,416880.49,8056.77
2016-06-27,ETHBTC,0.02198,0.02223,0.02135,0.02159,68721.55,1494.59
2016-06-26,ETHBTC,0.0213,0.02324,0.0213,0.02198,124437.37,2743.03
2016-06-25,ETHBTC,0.02153,0.0219,0.0206,0.0213,107737.33,2283.71
2016-06-24,ETHBTC,0.0219,0.02205,0.0199,0.02153,298226.68,6277.93
2016-06-23,ETHBTC,0.02224,0.0238,0.02149,0.0219,277466.09,6176.83
2016-06-22,ETHBTC,0.01904,0.024,0.019,0.02224,1000339.44,21793.73
2016-06-21,ETHBTC,0.01599,0.01959,0.01595,0.01904,695824.29,12478.22
2016-06-20,ETHBTC,0.01616,0.0166,0.01369,0.01599,631422.04,9734.59
2016-06-19,ETHBTC,0.015,0.01762,0.01406,0.01616,733128.48,11896.21
2016-06-18,ETHBTC,0.0215,0.0215,0.01281,0.015,1652243.93,26370.97
2016-06-17,ETHBTC,0.02699,0.028,0.0164,0.0215,1775086.81,38183.22
2016-06-16,ETHBTC,0.02661,0.02721,0.02556,0.02699,184790.64,4891.43
2016-06-15,ETHBTC,0.02742,0.0277,0.02606,0.02661,96912.83,2592.55
2016-06-14,ETHBTC,0.02511,0.02803,0.02489,0.02742,392524.06,10447.78
2016-06-13,ETHBTC,0.02367,0.02522,0.02308,0.02511,257906.73,6245.24
2016-06-12,ETHBTC,0.02357,0.02398,0.0221,0.02367,322962.24,7394.4
2016-06-11,ETHBTC,0.02419,0.0242,0.02344,0.02357,139709.59,3325.56
2016-06-10,ETHBTC,0.02493,0.02526,0.02386,0.02419,113892.07,2786.04
2016-06-09,ETHBTC,0.0249,0.02551,0.02461,0.02493,102075.0,2559.31
2016-06-08,ETHBTC,0.0249,0.02606,0.0247,0.0249,168889.67,4271.99
2016-06-07,ETHBTC,0.02389,0.02555,0.02329,0.0249,237097.58,5786.17
2016-06-06,ETHBTC,0.02432,0.02445,0.02345,0.02389,86618.38,2068.23
2016-06-05,ETHBTC,0.02396,0.02468,0.0234,0.02432,160787.63,3853.84
2016-06-04,ETHBTC,0.0244,0.02475,0.02273,0.02396,220131.07,5238.3
2016-06-03,ETHBTC,0.02556,0.02587,0.02311,0.0244,320726.62,7807.82
2016-06-02,ETHBTC,0.0257,0.02634,0.0252,0.02556,145102.72,3747.9
2016-06-01,ETHBTC,0.02642,0.02729,0.02493,0.0257,244610.1,6355.61
2016-05-31,ETHBTC,0.02373,0.02799,0.02334,0.02642,457705.25,11835.81
2016-05-30,ETHBTC,0.02378,0.02415,0.02271,0.02373,171950.25,4022.65
2016-05-29,ETHBTC,0.02242,0.024,0.0219,0.02378,377417.11,8673.39
2016-05-28,ETHBTC,0.0236,0.02507,0.02063,0.02242,792403.65,18058.53
2016-05-27,ETHBTC,0.02762,0.02762,0.0221,0.0236,900877.6,21536.5
2016-05-26,ETHBTC,0.02779,0.0291,0.02645,0.02762,319225.64,8807.06
2016-05-25,ETHBTC,0.02841,0.02903,0.02607,0.02779,356488.99,9813.19
2016-05-24,ETHBTC,0.03024,0.03097,0.02672,0.02841,566661.21,16207.16
2016-05-23,ETHBTC,0.03244,0.03299,0.02991,0.03024,258661.57,8155.52
2016-05-22,ETHBTC,0.0317,0.03285,0.03095,0.03244,202795.32,6482.46
2016-05-21,ETHBTC,0.0311,0.03175,0.0295,0.0317,272471.66,8344.15
2016-05-20,ETHBTC,0.03322,0.034,0.03,0.0311,589883.55,19116.03
2016-05-19,ETHBTC,0.02905,0.03322,0.02905,0.03322,654274.65,20520.02
2016-05-18,ETHBTC,0.0267,0.03155,0.0265,0.02905,727020.94,21058.87
2016-05-17,ETHBTC,0.02437,0.02766,0.02437,0.0267,520087.7,13637.66
2016-05-16,ETHBTC,0.02174,0.02558,0.02172,0.02437,469652.51,11267.68
2016-05-15,ETHBTC,0.02237,0.023,0.02151,0.02174,192972.61,4295.4
2016-05-14,ETHBTC,0.02313,0.02341,0.02131,0.02237,361280.23,8036.04
2016-05-13,ETHBTC,0.02237,0.02452,0.022,0.02313,454486.69,10631.83
2016-05-12,ETHBTC,0.022,0.02332,0.0217,0.02237,340423.93,7669.59
2016-05-11,ETHBTC,0.02071,0.02215,0.02071,0.022,238937.33,5136.8
2016-05-10,ETHBTC,0.0203,0.02099,0.02,0.02071,140594.44,2895.19
2016-05-09,ETHBTC,0.02075,0.0212,0.0198,0.0203,192323.37,3932.09
2016-05-08,ETHBTC,0.02033,0.02113,0.01943,0.02075,197333.35,3995.65
2016-05-07,ETHBTC,0.0201,0.02083,0.02,0.02033,130909.38,2663.98
2016-05-06,ETHBTC,0.02205,0.02232,0.0197,0.0201,225983.87,4729.21
2016-05-05,ETHBTC,0.02092,0.02253,0.0207,0.02205,178397.64,3881.93
2016-05-04,ETHBTC,0.02063,0.02244,0.0205,0.02092,216111.82,4637.4
2016-05-03,ETHBTC,0.0228,0.0229,0.02063,0.02063,263507.82,5666.23
2016-05-02,ETHBTC,0.01944,0.0235,0.01942,0.0228,615231.93,13480.34
2016-05-01,ETHBTC,0.01989,0.02017,0.0187,0.01944,249764.33,4818.18
2016-04-30,ETHBTC,0.01639,0.02081,0.01625,0.01989,698515.38,13183.34
2016-04-29,ETHBTC,0.01616,0.01725,0.01585,0.01639,187651.07,3104.85
2016-04-28,ETHBTC,0.01735,0.01797,0.01605,0.01616,246327.86,4144.47
2016-04-27,ETHBTC,0.01588,0.01767,0.0156,0.01735,450432.77,7614.42
2016-04-26,ETHBTC,0.01609,0.0164,0.01511,0.01588,443780.11,6999.53
2016-04-25,ETHBTC,0.01739,0.01775,0.0155,0.01609,458542.49,7537.53
2016-04-24,ETHBTC,0.01852,0.01875,0.01722,0.01739,222236.19,3991.81
2016-04-23,ETHBTC,0.01749,0.01958,0.01721,0.01852,312411.97,5739.19
2016-04-22,ETHBTC,0.0179,0.01864,0.017,0.01749,380553.91,6769.58
2016-04-21,ETHBTC,0.01934,0.02,0.01766,0.0179,310884.23,5859.49
2016-04-20,ETHBTC,0.01999,0.0203,0.01871,0.01934,321361.75,6278.32
2016-04-19,ETHBTC,0.021,0.0218,0.01977,0.01999,215973.61,4500.05
2016-04-18,ETHBTC,0.02198,0.02228,0.0198,0.021,367506.47,7735.89
2016-04-17,ETHBTC,0.01986,0.02275,0.01973,0.02198,482562.0,10450.97
2016-04-16,ETHBTC,0.01922,0.02011,0.0187,0.01986,154511.49,2993.67
2016-04-15,ETHBTC,0.01974,0.02025,0.01876,0.01922,248768.06,4845.32
2016-04-14,ETHBTC,0.01893,0.02089,0.01879,0.01974,281509.94,5590.89
2016-04-13,ETHBTC,0.01767,0.02054,0.01657,0.01893,806663.11,15026.36
2016-04-12,ETHBTC,0.02055,0.02056,0.01674,0.01767,653931.75,11881.39
2016-04-11,ETHBTC,0.02099,0.02137,0.0189,0.02055,301033.81,6061.83
2016-04-10,ETHBTC,0.02179,0.02208,0.0176,0.02099,1032114.4,20517.07
2016-04-09,ETHBTC,0.02322,0.02423,0.02154,0.02179,299792.99,6761.43
2016-04-08,ETHBTC,0.02394,0.02444,0.02259,0.02322,291354.24,6785.61
2016-04-07,ETHBTC,0.02548,0.02571,0.02346,0.02394,212815.61,5173.29
2016-04-06,ETHBTC,0.02451,0.026,0.0241,0.02548,186653.41,4699.66
2016-04-05,ETHBTC,0.02651,0.02657,0.0238,0.02451,294782.88,7397.72
2016-04-04,ETHBTC,0.02751,0.0276,0.02624,0.02651,146166.19,3915.43
2016-04-03,ETHBTC,0.0276,0.02795,0.02728,0.02751,55613.24,1530.69
2016-04-02,ETHBTC,0.02798,0.028,0.027,0.0276,110440.83,3029.44
2016-04-01,ETHBTC,0.02728,0.02848,0.02713,0.02798,122746.22,3431.61
2016-03-31,ETHBTC,0.02861,0.02901,0.02668,0.02728,251304.55,7032.55
2016-03-30,ETHBTC,0.0283,0.02949,0.0275,0.02861,265878.1,7630.81
2016-03-29,ETHBTC,0.02754,0.02895,0.0266,0.0283,222518.31,6218.55
2016-03-28,ETHBTC,0.0244,0.02813,0.02423,0.02754,376810.65,10049.34
2016-03-27,ETHBTC,0.02638,0.0265,0.0235,0.0244,275245.97,6773.3
2016-03-26,ETHBTC,0.02557,0.02698,0.02531,0.02638,113483.48,2969.49
2016-03-25,ETHBTC,0.02677,0.02746,0.0251,0.02557,206496.13,5341.03
2016-03-24,ETHBTC,0.0298,0.03011,0.02599,0.02677,441588.57,12147.0
2016-03-23,ETHBTC,0.0269,0.0298,0.02682,0.0298,310301.5,8894.92
2016-03-22,ETHBTC,0.02904,0.02904,0.02652,0.0269,369896.5,10253.01
2016-03-21,ETHBTC,0.02454,0.0294,0.0244,0.02904,452631.23,12395.6
2016-03-20,ETHBTC,0.0255,0.02653,0.02302,0.02454,334879.45,8213.16
2016-03-19,ETHBTC,0.02621,0.0275,0.02393,0.0255,380077.04,9863.43
2016-03-18,ETHBTC,0.02626,0.02698,0.02045,0.02621,1005082.08,23740.4
2016-03-17,ETHBTC,0.03103,0.0312,0.02475,0.02626,816307.24,22235.38
2016-03-16,ETHBTC,0.0311,0.033,0.0305,0.03103,295720.13,9411.36
2016-03-15,ETHBTC,0.03022,0.03179,0.02803,0.0311,410918.68,12433.85
2016-03-14,ETHBTC,0.0364,0.03675,0.0275,0.03022,884663.73,28697.35
2016-03-13,ETHBTC,0.0325,0.03701,0.03215,0.0364,537798.86,18749.04
2016-03-12,ETHBTC,0.02675,0.03298,0.0262,0.0325,746376.98,22944.58
2016-03-11,ETHBTC,0.02688,0.0275,0.0244,0.02675,377296.94,9876.14
2016-03-10,ETHBTC,0.02876,0.02958,0.02624,0.02688,471118.52,13167.48
2016-03-09,ETHBTC,0.0238,0.0294,0.02297,0.02876,492938.12,12972.23
2016-03-08,ETHBTC,0.02278,0.02484,0.021,0.0238,529749.15,12205.81
2016-03-07,ETHBTC,0.02743,0.02875,0.02228,0.02278,592071.57,14617.21
2016-03-06,ETHBTC,0.0278,0.03,0.02432,0.02743,694608.41,18838.35
2016-03-05,ETHBTC,0.02458,0.03073,0.02327,0.0278,1014819.75,28024.71
2016-03-04,ETHBTC,0.02248,0.0248,0.02001,0.02458,793802.33,17813.34
2016-03-03,ETHBTC,0.0197,0.0237,0.01936,0.02248,1010098.67,22241.33
2016-03-02,ETHBTC,0.0176,0.02029,0.016,0.0197,738651.52,13900.01
2016-03-01,ETHBTC,0.01439,0.018,0.01408,0.0176,579458.56,9504.83
2016-02-29,ETHBTC,0.0149,0.01517,0.01379,0.01439,228205.61,3300.34
2016-02-28,ETHBTC,0.01468,0.01534,0.0146,0.0149,200608.59,3005.67
2016-02-27,ETHBTC,0.01388,0.01519,0.01366,0.01468,234655.49,3410.11
2016-02-26,ETHBTC,0.01404,0.01473,0.01326,0.01388,352927.93,4946.69
2016-02-25,ETHBTC,0.01453,0.0158,0.0131,0.01404,619466.27,9070.47
2016-02-24,ETHBTC,0.01337,0.0148,0.01303,0.01453,341749.16,4813.26
2016-02-23,ETHBTC,0.01296,0.01385,0.01243,0.01337,574798.57,7642.1
2016-02-22,ETHBTC,0.0107,0.013,0.01058,0.01296,621880.65,7392.05
2016-02-21,ETHBTC,0.00973,0.01075,0.00963,0.0107,299066.49,3080.09
2016-02-20,ETHBTC,0.01073,0.01139,0.00942,0.00973,430390.65,4354.7
2016-02-19,ETHBTC,0.0102,0.01143,0.01,0.01073,347338.19,3724.58
2016-02-18,ETHBTC,0.0089,0.0112,0.0082,0.0102,911037.04,8900.1
2016-02-17,ETHBTC,0.01059,0.01189,0.00815,0.0089,1023856.02,9727.64
2016-02-16,ETHBTC,0.01322,0.01367,0.00983,0.01059,866500.58,9800.27
2016-02-15,ETHBTC,0.01265,0.0145,0.01236,0.01322,598322.08,8072.07
2016-02-14,ETHBTC,0.01341,0.01399,0.01095,0.01265,576107.74,7195.96
2016-02-13,ETHBTC,0.01434,0.01502,0.01052,0.01341,1121611.41,13832.44
2016-02-12,ETHBTC,0.01538,0.01715,0.013,0.01434,986898.08,14888.54
2016-02-11,ETHBTC,0.01156,0.0159,0.01136,0.01538,1201317.81,16213.56
2016-02-10,ETHBTC,0.00995,0.0128,0.00975,0.01156,1815092.36,20497.61
2016-02-09,ETHBTC,0.00857,0.01,0.00831,0.00995,1161893.93,11018.26
2016-02-08,ETHBTC,0.00782,0.00869,0.00764,0.00857,685740.93,5676.0
2016-02-07,ETHBTC,0.00674,0.00813,0.0067,0.00782,474325.18,3532.73
2016-02-06,ETHBTC,0.00657,0.00677,0.00653,0.00674,115971.86,774.19
2016-02-05,ETHBTC,0.0066,0.00682,0.0061,0.00657,174664.03,1126.66
2016-02-04,ETHBTC,0.00689,0.00694,0.00646,0.0066,239192.8,1600.33
2016-02-03,ETHBTC,0.00641,0.0069,0.00622,0.00689,372967.4,2469.65
2016-02-02,ETHBTC,0.00598,0.00658,0.0057,0.00641,342124.03,2092.78
2016-02-01,ETHBTC,0.00635,0.00639,0.00566,0.00598,288094.37,1710.31
2016-01-31,ETHBTC,0.00642,0.00668,0.00581,0.00635,503927.22,3142.19
2016-01-30,ETHBTC,0.00651,0.00689,0.00631,0.00642,291796.38,1936.15
2016-01-29,ETHBTC,0.00664,0.00707,0.0061,0.00651,424623.08,2807.8
2016-01-28,ETHBTC,0.0061,0.00697,0.0059,0.00664,344946.81,2253.72
2016-01-27,ETHBTC,0.00583,0.00675,0.00504,0.0061,515982.55,3116.17
2016-01-26,ETHBTC,0.00634,0.00729,0.00577,0.00583,1002324.54,6779.46
2016-01-25,ETHBTC,0.0053,0.00679,0.00513,0.00634,1158405.81,7061.67
2016-01-24,ETHBTC,0.00516,0.00578,0.0049,0.0053,993158.0,5342.02
2016-01-23,ETHBTC,0.00391,0.00521,0.00388,0.00516,907851.13,4247.62
2016-01-22,ETHBTC,0.0038,0.00395,0.00372,0.00391,206280.83,796.02
2016-01-21,ETHBTC,0.00365,0.00381,0.00311,0.0038,293281.0,1052.51
2016-01-20,ETHBTC,0.00359,0.00394,0.00348,0.00365,315703.18,1179.21
2016-01-19,ETHBTC,0.00364,0.00385,0.00246,0.00359,503854.2,1727.24
2016-01-18,ETHBTC,0.00342,0.004,0.0033,0.00364,600558.13,2218.4
2016-01-17,ETHBTC,0.00316,0.00342,0.00308,0.00342,124129.01,401.45
2016-01-16,ETHBTC,0.00328,0.00365,0.00313,0.00316,307291.48,1039.71
2016-01-15,ETHBTC,0.00269,0.00346,0.00269,0.00328,714766.97,2241.63
2016-01-14,ETHBTC,0.00262,0.00273,0.00252,0.00269,129898.62,341.31
2016-01-13,ETHBTC,0.0026,0.0027,0.00245,0.00262,202608.0,520.16
2016-01-12,ETHBTC,0.00234,0.00293,0.00234,0.0026,683841.68,1779.96
2016-01-11,ETHBTC,0.00223,0.00239,0.00223,0.00234,204554.24,472.01
2016-01-10,ETHBTC,0.0022,0.00226,0.00218,0.00223,72604.77,161.88
2016-01-09,ETHBTC,0.00218,0.00226,0.00216,0.0022,69872.79,153.76
2016-01-08,ETHBTC,0.00208,0.0022,0.00204,0.00218,141879.91,302.88
2016-01-07,ETHBTC,0.00222,0.00224,0.00206,0.00208,176497.35,376.6
2016-01-06,ETHBTC,0.00223,0.00225,0.00216,0.00222,57663.73,127.12
2016-01-05,ETHBTC,0.00222,0.00225,0.00217,0.00223,39413.97,87.37
2016-01-04,ETHBTC,0.00226,0.00227,0.00213,0.00222,96536.27,211.57
2016-01-03,ETHBTC,0.00214,0.00229,0.00213,0.00226,75216.44,168.01
2016-01-02,ETHBTC,0.00215,0.00222,0.00214,0.00214,43877.57,95.7
2016-01-01,ETHBTC,0.00218,0.0022,0.00214,0.00215,44507.27,96.21
2015-12-31,ETHBTC,0.00213,0.00232,0.00212,0.00218,93056.66,208.03
2015-12-30,ETHBTC,0.00201,0.0022,0.002,0.00213,110140.21,230.57
2015-12-29,ETHBTC,0.00199,0.00204,0.00196,0.00201,72058.53,144.04
2015-12-28,ETHBTC,0.00202,0.00204,0.00196,0.00199,39960.9,79.89
2015-12-27,ETHBTC,0.00205,0.00207,0.002,0.00202,16359.84,33.03
2015-12-26,ETHBTC,0.00191,0.0021,0.00191,0.00205,93851.97,191.65
2015-12-25,ETHBTC,0.00189,0.00193,0.00188,0.00191,12261.45,23.42
2015-12-24,ETHBTC,0.00192,0.00196,0.00187,0.00189,42086.17,80.08
2015-12-23,ETHBTC,0.002,0.00201,0.00192,0.00192,42697.32,83.74
2015-12-22,ETHBTC,0.00205,0.00209,0.00198,0.002,88943.29,180.49
2015-12-21,ETHBTC,0.00205,0.0021,0.00196,0.00205,116676.93,238.67
2015-12-20,ETHBTC,0.00195,0.00215,0.00195,0.00205,62433.57,128.42
2015-12-19,ETHBTC,0.00199,0.002,0.0019,0.00195,68249.17,133.11
2015-12-18,ETHBTC,0.00207,0.00207,0.00194,0.00199,59965.72,119.27
2015-12-17,ETHBTC,0.00218,0.0022,0.002,0.00207,118994.61,247.42
2015-12-16,ETHBTC,0.00218,0.00222,0.00214,0.00218,74216.34,160.77
2015-12-15,ETHBTC,0.00223,0.00225,0.00215,0.00218,103007.23,227.04
2015-12-14,ETHBTC,0.0022,0.00231,0.00215,0.00223,126486.71,285.66
2015-12-13,ETHBTC,0.00224,0.0023,0.00211,0.0022,83713.93,185.22
2015-12-12,ETHBTC,0.00201,0.00231,0.00179,0.00224,360471.95,779.48
2015-12-11,ETHBTC,0.00203,0.00207,0.00177,0.00201,160055.39,308.1
2015-12-10,ETHBTC,0.00191,0.0021,0.00188,0.00203,103186.39,206.95
2015-12-09,ETHBTC,0.00202,0.00202,0.0018,0.00191,150612.34,283.33
2015-12-08,ETHBTC,0.00202,0.00208,0.0019,0.00202,134568.34,266.19
2015-12-07,ETHBTC,0.00213,0.00218,0.00195,0.00202,128052.97,261.28
2015-12-06,ETHBTC,0.00221,0.00224,0.0021,0.00213,66183.02,144.33
2015-12-05,ETHBTC,0.00233,0.00233,0.0022,0.00221,53346.5,119.91
2015-12-04,ETHBTC,0.00229,0.00234,0.00221,0.00233,58645.03,133.08
2015-12-03,ETHBTC,0.0023,0.0023,0.00215,0.00229,61235.31,135.75
2015-12-02,ETHBTC,0.00242,0.00247,0.00192,0.0023,157634.76,359.83
2015-12-01,ETHBTC,0.00231,0.00246,0.00186,0.00242,212239.82,476.11
2015-11-30,ETHBTC,0.00234,0.00239,0.00221,0.00231,113396.69,259.91
2015-11-29,ETHBTC,0.00256,0.00258,0.0023,0.00234,135368.37,325.93
2015-11-28,ETHBTC,0.00242,0.00263,0.00242,0.00256,52307.23,132.55
2015-11-27,ETHBTC,0.0025,0.00252,0.00238,0.00242,59786.75,147.75
2015-11-26,ETHBTC,0.00264,0.00267,0.0023,0.0025,196784.11,484.45
2015-11-25,ETHBTC,0.00286,0.00287,0.0026,0.00264,104352.74,280.07
2015-11-24,ETHBTC,0.00293,0.00297,0.0028,0.00286,152467.45,435.15
2015-11-23,ETHBTC,0.00298,0.00304,0.0028,0.00293,51002.58,149.21
2015-11-22,ETHBTC,0.003,0.00309,0.00292,0.00298,89457.31,269.01
2015-11-21,ETHBTC,0.00294,0.00305,0.00286,0.003,74658.81,221.13
2015-11-20,ETHBTC,0.00291,0.00299,0.00274,0.00294,131290.07,376.73
2015-11-19,ETHBTC,0.00297,0.00302,0.0028,0.00291,91977.24,267.75
2015-11-18,ETHBTC,0.003,0.00305,0.00282,0.00297,80497.5,235.84
2015-11-17,ETHBTC,0.00284,0.0031,0.0026,0.003,171657.2,492.15
2015-11-16,ETHBTC,0.00285,0.00294,0.00273,0.00284,88935.96,251.6
2015-11-15,ETHBTC,0.00267,0.00287,0.00266,0.00285,62225.19,171.65
2015-11-14,ETHBTC,0.00268,0.0028,0.00261,0.00267,87646.52,236.74
2015-11-13,ETHBTC,0.00266,0.0027,0.00247,0.00268,88867.32,232.07
2015-11-12,ETHBTC,0.00255,0.00275,0.00239,0.00266,179555.48,469.12
2015-11-11,ETHBTC,0.00275,0.00285,0.0023,0.00255,248533.45,650.71
2015-11-10,ETHBTC,0.00267,0.00286,0.00257,0.00275,159959.3,436.51
2015-11-09,ETHBTC,0.00272,0.003,0.00246,0.00267,312894.14,870.88
2015-11-08,ETHBTC,0.00237,0.00275,0.00237,0.00272,137251.6,355.24
2015-11-07,ETHBTC,0.00246,0.0025,0.00222,0.00237,127486.54,298.58
2015-11-06,ETHBTC,0.00234,0.00263,0.00225,0.00246,160101.83,389.28
2015-11-05,ETHBTC,0.00215,0.00257,0.00208,0.00234,199209.95,459.49
2015-11-04,ETHBTC,0.00252,0.00259,0.0016,0.00215,556194.38,1140.35
2015-11-03,ETHBTC,0.0027,0.00288,0.0022,0.00252,436268.19,1116.16
2015-11-02,ETHBTC,0.00327,0.00334,0.0026,0.0027,257008.5,771.08
2015-11-01,ETHBTC,0.00286,0.00332,0.00284,0.00327,90139.44,277.92
2015-10-31,ETHBTC,0.00317,0.0032,0.00284,0.00286,109172.05,325.12
2015-10-30,ETHBTC,0.0037,0.00412,0.00287,0.00317,503502.36,1733.84
2015-10-29,ETHBTC,0.0033,0.00393,0.00306,0.0037,475144.96,1661.35
2015-10-28,ETHBTC,0.00287,0.00365,0.00268,0.0033,598650.05,1861.15
2015-10-27,ETHBTC,0.00262,0.00307,0.00239,0.00287,543151.64,1505.71
2015-10-26,ETHBTC,0.00226,0.0033,0.0021,0.00262,385444.94,908.32
2015-10-25,ETHBTC,0.00202,0.00238,0.00197,0.00226,226184.11,492.23
2015-10-24,ETHBTC,0.00187,0.00207,0.00184,0.00202,98075.16,189.9
2015-10-23,ETHBTC,0.00213,0.00228,0.00181,0.00187,267459.97,535.34
2015-10-22,ETHBTC,0.00162,0.00238,0.00153,0.00213,478054.79,868.71
2015-10-21,ETHBTC,0.00163,0.00182,0.00156,0.00162,337241.47,556.79
2015-10-20,ETHBTC,0.00185,0.00192,0.00159,0.00163,154435.64,271.79
2015-10-19,ETHBTC,0.00196,0.00199,0.00181,0.00185,153467.28,288.03
2015-10-18,ETHBTC,0.00203,0.00206,0.00195,0.00196,43272.7,86.13
2015-10-17,ETHBTC,0.00203,0.00212,0.0019,0.00203,117394.07,235.5
2015-10-16,ETHBTC,0.00219,0.00226,0.002,0.00203,116648.89,248.38
2015-10-15,ETHBTC,0.00202,0.00226,0.00202,0.00219,158552.89,338.34
2015-10-14,ETHBTC,0.00243,0.00246,0.0019,0.00202,605654.7,1315.85
2015-10-13,ETHBTC,0.00254,0.00257,0.0024,0.00243,120809.07,297.78
2015-10-12,ETHBTC,0.00255,0.00267,0.00254,0.00254,64897.31,168.74
2015-10-11,ETHBTC,0.00256,0.00263,0.00253,0.00255,38478.17,98.41
2015-10-10,ETHBTC,0.00266,0.0027,0.00256,0.00256,65976.97,173.76
2015-10-09,ETHBTC,0.00254,0.00281,0.00254,0.00266,168052.1,454.52
2015-10-08,ETHBTC,0.0025,0.00261,0.00241,0.00254,174466.23,433.72
2015-10-07,ETHBTC,0.00267,0.00268,0.00245,0.0025,93584.4,237.58
2015-10-06,ETHBTC,0.00262,0.00267,0.00246,0.00267,90786.49,230.5
2015-10-05,ETHBTC,0.00278,0.00285,0.00253,0.00262,149252.76,403.1
2015-10-04,ETHBTC,0.0029,0.00292,0.00275,0.00278,46070.38,129.81
2015-10-03,ETHBTC,0.00287,0.003,0.00283,0.0029,48226.46,141.65
2015-10-02,ETHBTC,0.00286,0.00293,0.0027,0.00287,51447.49,144.16
2015-10-01,ETHBTC,0.00305,0.00313,0.00245,0.00286,453606.64,1278.27
2015-09-30,ETHBTC,0.00277,0.00323,0.00267,0.00305,238454.08,711.21
2015-09-29,ETHBTC,0.00254,0.0029,0.00232,0.00277,370011.89,982.9
2015-09-28,ETHBTC,0.00308,0.00309,0.0023,0.00254,547592.5,1463.75
2015-09-27,ETHBTC,0.00334,0.00337,0.003,0.00308,172766.37,543.81
2015-09-26,ETHBTC,0.00314,0.00336,0.00288,0.00334,109370.21,340.19
2015-09-25,ETHBTC,0.00351,0.00353,0.00251,0.00314,487672.72,1456.89
2015-09-24,ETHBTC,0.00388,0.00395,0.0026,0.00351,415340.49,1413.61
2015-09-23,ETHBTC,0.00392,0.00396,0.00376,0.00388,28207.44,108.35
2015-09-22,ETHBTC,0.00399,0.00408,0.00348,0.00392,171134.87,651.55
2015-09-21,ETHBTC,0.00412,0.0042,0.00383,0.00399,72076.31,292.59
2015-09-20,ETHBTC,0.00389,0.00416,0.00376,0.00412,65849.22,260.72
2015-09-19,ETHBTC,0.00367,0.0041,0.00357,0.00389,62716.41,237.71
2015-09-18,ETHBTC,0.00383,0.00384,0.00356,0.00367,59555.82,218.19
2015-09-17,ETHBTC,0.00396,0.004,0.0035,0.00383,247922.82,924.08
2015-09-16,ETHBTC,0.00415,0.00419,0.00392,0.00396,158405.18,639.43
2015-09-15,ETHBTC,0.00382,0.00442,0.0037,0.00415,176975.35,716.84
2015-09-14,ETHBTC,0.0041,0.00416,0.00371,0.00382,180210.4,703.14
2015-09-13,ETHBTC,0.0045,0.0045,0.0038,0.0041,165308.83,680.32
2015-09-12,ETHBTC,0.00409,0.0048,0.00404,0.0045,110668.65,489.51
2015-09-11,ETHBTC,0.00489,0.0049,0.00391,0.00409,356598.97,1527.02
2015-09-10,ETHBTC,0.00508,0.0051,0.0046,0.00489,133273.15,645.89
2015-09-09,ETHBTC,0.00504,0.0053,0.00495,0.00508,106234.59,539.67
2015-09-08,ETHBTC,0.0052,0.00525,0.00501,0.00504,119154.54,608.71
2015-09-07,ETHBTC,0.00542,0.00544,0.0051,0.0052,101455.0,531.76
2015-09-06,ETHBTC,0.00566,0.00574,0.00535,0.00542,67872.24,375.1
2015-09-05,ETHBTC,0.00557,0.00579,0.00545,0.00566,102780.88,577.18
2015-09-04,ETHBTC,0.00556,0.00573,0.00539,0.00557,31801.78,176.28
2015-09-03,ETHBTC,0.00558,0.00578,0.00525,0.00556,100159.36,551.32
2015-09-02,ETHBTC,0.00593,0.00599,0.00552,0.00558,103389.38,594.32
2015-09-01,ETHBTC,0.0058,0.00609,0.00578,0.00593,95058.12,567.21
2015-08-31,ETHBTC,0.00581,0.00603,0.00522,0.0058,185517.93,1058.3
2015-08-30,ETHBTC,0.00515,0.00597,0.00508,0.00581,142138.24,801.05
2015-08-29,ETHBTC,0.00509,0.0052,0.00499,0.00515,46031.35,233.87
2015-08-28,ETHBTC,0.00509,0.0052,0.0048,0.00509,76946.71,392.86
2015-08-27,ETHBTC,0.00513,0.00522,0.005,0.00509,86588.53,440.63
2015-08-26,ETHBTC,0.00528,0.0054,0.0048,0.00513,231240.36,1164.86
2015-08-25,ETHBTC,0.00581,0.00598,0.00503,0.00528,196930.33,1070.57
2015-08-24,ETHBTC,0.00587,0.006,0.0051,0.00581,184653.08,1055.15
2015-08-23,ETHBTC,0.00605,0.00622,0.00543,0.00587,213807.89,1235.77
2015-08-22,ETHBTC,0.00609,0.00645,0.00585,0.00605,98908.64,610.03
2015-08-21,ETHBTC,0.00635,0.0066,0.00573,0.00609,262991.6,1648.97
2015-08-20,ETHBTC,0.00561,0.00652,0.0053,0.00635,540982.83,3174.68
2015-08-19,ETHBTC,0.00508,0.00571,0.005,0.00561,292907.8,1579.14
2015-08-18,ETHBTC,0.00466,0.00529,0.00431,0.00508,329157.96,1588.0
2015-08-17,ETHBTC,0.00562,0.00613,0.00453,0.00466,292698.68,1537.13
2015-08-16,ETHBTC,0.00638,0.00677,0.00415,0.00562,543681.96,2835.85
2015-08-15,ETHBTC,0.0065,0.00696,0.0056,0.00638,315422.08,1999.37
2015-08-14,ETHBTC,0.00682,0.00838,0.00649,0.0065,605539.03,4520.65
2015-08-13,ETHBTC,0.00469,0.00716,0.00442,0.00682,675581.8,3882.23
2015-08-12,ETHBTC,0.00384,0.00478,0.0034,0.00469,489794.04,2111.51
2015-08-11,ETHBTC,0.0026,0.00422,0.00245,0.00384,482736.13,1532.09
2015-08-10,ETHBTC,0.0029,0.0029,0.00235,0.0026,281730.44,718.28
2015-08-09,ETHBTC,0.0029,0.00325,0.0022,0.0029,420820.19,1094.0
2015-08-08,ETHBTC,0.00998,0.01,0.0021,0.0029,449131.13,1692.56
2015-08-07,ETHBTC,0.00281,0.1,0.00281,0.00998,53584.56,577.47
