Timezones are UTC,https://www.CryptoDataDownload.com
Date,Symbol,Open,High,Low,Close,Volume DOG,Volume EBTC
2019-10-17,DOGEBTC,3.2e-07,3.4e-07,3.2e-07,3.4e-07,247442.69,0.08296
2019-10-16,DOGEBTC,3.0e-07,3.2e-07,3.0e-07,3.2e-07,615276.52,0.1911
2019-10-15,DOGEBTC,3.0e-07,3.1e-07,3.0e-07,3.0e-07,46598.4,0.01413
2019-10-14,DOGEBTC,3.0e-07,3.1e-07,2.9e-07,3.0e-07,78434.84,0.0239
2019-10-13,DOGEBTC,2.8e-07,3.0e-07,2.8e-07,3.0e-07,168285.58,0.05018
2019-10-12,DOGEBTC,2.7e-07,2.8e-07,2.7e-07,2.8e-07,20392.78,0.005605
2019-10-11,DOGEBTC,2.7e-07,2.7e-07,2.7e-07,2.7e-07,3488.53,0.0009419
2019-10-10,DOGEBTC,2.8e-07,2.8e-07,2.7e-07,2.7e-07,1017970.24,0.2771
2019-10-09,DOGEBTC,2.8e-07,2.9e-07,2.8e-07,2.8e-07,170073.65,0.04795
2019-10-08,DOGEBTC,2.9e-07,2.9e-07,2.8e-07,2.8e-07,16712.35,0.004804
2019-10-07,DOGEBTC,2.8e-07,2.9e-07,2.8e-07,2.9e-07,12440.02,0.003601
2019-10-06,DOGEBTC,2.8e-07,2.9e-07,2.8e-07,2.8e-07,23561.3,0.006622
2019-10-05,DOGEBTC,2.9e-07,2.9e-07,2.8e-07,2.8e-07,49696.99,0.01431
2019-10-04,DOGEBTC,2.8e-07,2.9e-07,2.8e-07,2.9e-07,30214.08,0.008473
2019-10-03,DOGEBTC,2.7e-07,2.8e-07,2.7e-07,2.8e-07,6242.55,0.001748
2019-10-02,DOGEBTC,2.9e-07,3.0e-07,2.7e-07,2.7e-07,53884.14,0.01511
2019-10-01,DOGEBTC,2.8e-07,3.0e-07,2.8e-07,2.9e-07,26447.18,0.007771
2019-09-30,DOGEBTC,2.7e-07,2.8e-07,2.7e-07,2.8e-07,116295.49,0.03156
2019-09-29,DOGEBTC,2.6e-07,2.7e-07,2.6e-07,2.7e-07,258573.61,0.06972
2019-09-28,DOGEBTC,2.7e-07,2.7e-07,2.6e-07,2.6e-07,7535.42,0.001959
2019-09-27,DOGEBTC,2.7e-07,2.7e-07,2.5e-07,2.7e-07,25244.95,0.006637
2019-09-26,DOGEBTC,2.5e-07,2.7e-07,2.5e-07,2.7e-07,13887.61,0.00375
2019-09-25,DOGEBTC,2.5e-07,2.7e-07,2.5e-07,2.5e-07,1040240.99,0.2614
2019-09-24,DOGEBTC,2.7e-07,2.7e-07,2.5e-07,2.5e-07,24481.59,0.006329
2019-09-23,DOGEBTC,2.7e-07,2.7e-07,2.7e-07,2.7e-07,454.04,0.0001226
2019-09-22,DOGEBTC,2.7e-07,2.7e-07,2.6e-07,2.7e-07,301565.69,0.08141
2019-09-21,DOGEBTC,2.5e-07,2.7e-07,2.5e-07,2.7e-07,34068.16,0.009198
2019-09-20,DOGEBTC,2.7e-07,2.9e-07,2.5e-07,2.5e-07,1058675.64,0.2883
2019-09-19,DOGEBTC,2.8e-07,2.8e-07,2.7e-07,2.7e-07,5890.0,0.00164
2019-09-18,DOGEBTC,2.4e-07,2.8e-07,2.4e-07,2.8e-07,346158.12,0.09283
2019-09-17,DOGEBTC,2.4e-07,2.4e-07,2.3e-07,2.4e-07,304437.93,0.0727
2019-09-16,DOGEBTC,2.3e-07,2.4e-07,2.3e-07,2.4e-07,19274.88,0.004626
2019-09-15,DOGEBTC,2.2e-07,2.4e-07,2.2e-07,2.3e-07,97965.69,0.02319
2019-09-14,DOGEBTC,2.4e-07,2.4e-07,2.2e-07,2.2e-07,9998.0,0.002227
2019-09-13,DOGEBTC,2.4e-07,2.4e-07,2.4e-07,2.4e-07,0.0,0.0
2019-09-12,DOGEBTC,2.4e-07,2.4e-07,2.4e-07,2.4e-07,5515.12,0.001324
2019-09-11,DOGEBTC,2.2e-07,2.4e-07,2.2e-07,2.4e-07,38672.34,0.008881
2019-09-10,DOGEBTC,2.4e-07,2.4e-07,2.2e-07,2.2e-07,14619.04,0.003226
2019-09-09,DOGEBTC,2.4e-07,2.4e-07,2.4e-07,2.4e-07,208433.01,0.05002
2019-09-08,DOGEBTC,2.4e-07,2.4e-07,2.4e-07,2.4e-07,1285.82,0.0003086
2019-09-07,DOGEBTC,2.4e-07,2.4e-07,2.4e-07,2.4e-07,0.0,0.0
2019-09-06,DOGEBTC,2.4e-07,2.5e-07,2.3e-07,2.4e-07,786654.99,0.1817
2019-09-05,DOGEBTC,2.4e-07,2.4e-07,2.3e-07,2.4e-07,100983.75,0.0238
2019-09-04,DOGEBTC,2.6e-07,2.6e-07,2.4e-07,2.4e-07,70279.83,0.01696
2019-09-03,DOGEBTC,2.5e-07,2.6e-07,2.5e-07,2.6e-07,350953.18,0.08785
2019-09-02,DOGEBTC,2.6e-07,2.7e-07,2.5e-07,2.5e-07,10109.42,0.002668
2019-09-01,DOGEBTC,2.7e-07,2.7e-07,2.6e-07,2.6e-07,14648.63,0.003809
2019-08-31,DOGEBTC,2.6e-07,2.7e-07,2.6e-07,2.7e-07,17327.01,0.004678
2019-08-30,DOGEBTC,2.6e-07,2.6e-07,2.6e-07,2.6e-07,113904.7,0.02962
2019-08-29,DOGEBTC,2.6e-07,2.7e-07,2.5e-07,2.6e-07,55547.54,0.01429
2019-08-28,DOGEBTC,2.5e-07,2.6e-07,2.5e-07,2.6e-07,9442.64,0.002455
2019-08-27,DOGEBTC,2.7e-07,2.7e-07,2.5e-07,2.5e-07,17671.0,0.004418
2019-08-26,DOGEBTC,2.7e-07,2.7e-07,2.7e-07,2.7e-07,0.0,0.0
2019-08-25,DOGEBTC,2.7e-07,2.7e-07,2.5e-07,2.7e-07,31776.96,0.008033
2019-08-24,DOGEBTC,2.6e-07,2.7e-07,2.6e-07,2.7e-07,14084.69,0.003774
2019-08-23,DOGEBTC,2.5e-07,2.6e-07,2.5e-07,2.6e-07,13140.69,0.003417
2019-08-22,DOGEBTC,2.5e-07,2.6e-07,2.5e-07,2.5e-07,93439.72,0.02426
2019-08-21,DOGEBTC,2.6e-07,2.6e-07,2.5e-07,2.5e-07,13772.53,0.003575
2019-08-20,DOGEBTC,2.6e-07,2.6e-07,2.5e-07,2.6e-07,10181.7,0.002615
2019-08-19,DOGEBTC,2.6e-07,2.6e-07,2.6e-07,2.6e-07,0.0,0.0
2019-08-18,DOGEBTC,2.5e-07,2.6e-07,2.5e-07,2.6e-07,46435.84,0.01197
2019-08-17,DOGEBTC,2.5e-07,2.5e-07,2.5e-07,2.5e-07,0.0,0.0
2019-08-16,DOGEBTC,2.6e-07,2.7e-07,2.5e-07,2.5e-07,125182.25,0.03154
2019-08-15,DOGEBTC,2.6e-07,2.6e-07,2.6e-07,2.6e-07,0.0,0.0
2019-08-14,DOGEBTC,2.5e-07,2.6e-07,2.5e-07,2.6e-07,6279.1,0.001633
2019-08-13,DOGEBTC,2.5e-07,2.5e-07,2.5e-07,2.5e-07,34893.22,0.008723
2019-08-12,DOGEBTC,2.5e-07,2.5e-07,2.5e-07,2.5e-07,0.0,0.0
2019-08-11,DOGEBTC,2.5e-07,2.6e-07,2.5e-07,2.5e-07,18544.18,0.004796
2019-08-10,DOGEBTC,2.5e-07,2.5e-07,2.4e-07,2.5e-07,142782.53,0.03538
2019-08-09,DOGEBTC,2.5e-07,2.5e-07,2.5e-07,2.5e-07,19218.65,0.004805
2019-08-08,DOGEBTC,2.7e-07,2.7e-07,2.5e-07,2.5e-07,151296.3,0.03783
2019-08-07,DOGEBTC,2.7e-07,2.7e-07,2.7e-07,2.7e-07,24947.08,0.006736
2019-08-06,DOGEBTC,2.8e-07,2.8e-07,2.6e-07,2.7e-07,64038.92,0.01696
2019-08-05,DOGEBTC,2.7e-07,2.9e-07,2.6e-07,2.8e-07,1505692.31,0.412
2019-08-04,DOGEBTC,2.9e-07,2.9e-07,2.7e-07,2.7e-07,72130.5,0.01991
2019-08-03,DOGEBTC,2.8e-07,2.9e-07,2.8e-07,2.9e-07,96559.41,0.02704
2019-08-02,DOGEBTC,2.9e-07,2.9e-07,2.8e-07,2.8e-07,116290.59,0.03266
2019-08-01,DOGEBTC,2.8e-07,3.0e-07,2.8e-07,2.9e-07,54454.75,0.01591
2019-07-31,DOGEBTC,2.8e-07,3.0e-07,2.8e-07,2.8e-07,79195.91,0.02302
2019-07-30,DOGEBTC,3.0e-07,3.0e-07,2.8e-07,2.8e-07,63791.95,0.01873
2019-07-29,DOGEBTC,3.0e-07,3.0e-07,2.9e-07,3.0e-07,79508.98,0.0235
2019-07-28,DOGEBTC,2.8e-07,3.0e-07,2.8e-07,3.0e-07,10952.22,0.003286
2019-07-27,DOGEBTC,2.9e-07,2.9e-07,2.8e-07,2.8e-07,2500.0,0.0007
2019-07-26,DOGEBTC,3.0e-07,3.0e-07,2.9e-07,2.9e-07,29008.6,0.008501
2019-07-25,DOGEBTC,2.9e-07,3.0e-07,2.9e-07,3.0e-07,16616.18,0.004934
2019-07-24,DOGEBTC,2.8e-07,2.9e-07,2.8e-07,2.9e-07,162470.11,0.04615
2019-07-23,DOGEBTC,2.9e-07,3.0e-07,2.8e-07,2.8e-07,138062.08,0.03949
2019-07-22,DOGEBTC,3.0e-07,3.0e-07,2.9e-07,2.9e-07,21670.2,0.006284
2019-07-21,DOGEBTC,3.0e-07,3.0e-07,2.9e-07,3.0e-07,39256.44,0.01174
2019-07-20,DOGEBTC,2.9e-07,3.0e-07,2.9e-07,3.0e-07,311467.4,0.09344
2019-07-19,DOGEBTC,2.9e-07,3.0e-07,2.9e-07,2.9e-07,135436.38,0.04033
2019-07-18,DOGEBTC,3.0e-07,3.0e-07,2.9e-07,2.9e-07,20468.72,0.006005
2019-07-17,DOGEBTC,3.0e-07,3.1e-07,3.0e-07,3.0e-07,270323.43,0.08172
2019-07-16,DOGEBTC,2.8e-07,3.0e-07,2.8e-07,3.0e-07,223674.72,0.06513
2019-07-15,DOGEBTC,2.9e-07,3.0e-07,2.8e-07,2.8e-07,184482.53,0.05373
2019-07-14,DOGEBTC,2.9e-07,2.9e-07,2.8e-07,2.9e-07,448795.6,0.1298
2019-07-13,DOGEBTC,2.8e-07,2.9e-07,2.7e-07,2.9e-07,113354.19,0.03106
2019-07-12,DOGEBTC,2.9e-07,3.0e-07,2.8e-07,2.8e-07,196702.87,0.05755
2019-07-11,DOGEBTC,2.8e-07,2.9e-07,2.7e-07,2.9e-07,79099.81,0.02194
2019-07-10,DOGEBTC,2.8e-07,2.9e-07,2.7e-07,2.8e-07,750951.36,0.207
2019-07-09,DOGEBTC,2.9e-07,2.9e-07,2.7e-07,2.8e-07,585858.57,0.1627
2019-07-08,DOGEBTC,3.0e-07,3.2e-07,2.9e-07,2.9e-07,1545356.04,0.4503
2019-07-07,DOGEBTC,3.1e-07,3.2e-07,3.0e-07,3.0e-07,687259.16,0.2081
2019-07-06,DOGEBTC,3.4e-07,3.5e-07,3.0e-07,3.1e-07,334545.65,0.1077
2019-07-05,DOGEBTC,2.9e-07,4.6e-07,2.8e-07,3.4e-07,4246008.26,1.623
2019-07-04,DOGEBTC,2.8e-07,2.9e-07,2.7e-07,2.9e-07,101561.3,0.02854
2019-07-03,DOGEBTC,2.9e-07,2.9e-07,2.8e-07,2.8e-07,710648.25,0.2001
2019-07-02,DOGEBTC,3.0e-07,3.2e-07,2.9e-07,2.9e-07,145496.0,0.04465
2019-07-01,DOGEBTC,3.0e-07,3.0e-07,2.9e-07,3.0e-07,169603.32,0.05086
2019-06-30,DOGEBTC,2.9e-07,3.0e-07,2.8e-07,3.0e-07,21854.73,0.006361
2019-06-29,DOGEBTC,2.8e-07,3.0e-07,2.8e-07,2.9e-07,19033.64,0.005598
2019-06-28,DOGEBTC,2.9e-07,3.1e-07,2.8e-07,2.8e-07,466372.66,0.1353
2019-06-27,DOGEBTC,2.5e-07,3.2e-07,2.5e-07,2.9e-07,735146.46,0.2064
2019-06-26,DOGEBTC,2.9e-07,3.1e-07,2.5e-07,2.5e-07,1354094.69,0.3733
2019-06-25,DOGEBTC,3.0e-07,3.1e-07,2.9e-07,2.9e-07,689841.02,0.2064
2019-06-24,DOGEBTC,3.1e-07,3.2e-07,3.0e-07,3.0e-07,142964.37,0.04376
2019-06-23,DOGEBTC,3.4e-07,3.4e-07,3.0e-07,3.1e-07,284435.53,0.0894
2019-06-22,DOGEBTC,3.4e-07,3.4e-07,2.9e-07,3.4e-07,1804370.89,0.5671
2019-06-21,DOGEBTC,3.5e-07,3.7e-07,3.2e-07,3.4e-07,952653.99,0.3227
2019-06-20,DOGEBTC,3.4e-07,3.5e-07,3.3e-07,3.5e-07,678165.07,0.2285
2019-06-19,DOGEBTC,3.5e-07,3.5e-07,3.4e-07,3.4e-07,98059.9,0.03334
2019-06-18,DOGEBTC,3.4e-07,3.6e-07,3.4e-07,3.5e-07,799223.58,0.2829
2019-06-17,DOGEBTC,3.4e-07,3.5e-07,3.4e-07,3.4e-07,233625.08,0.07951
2019-06-16,DOGEBTC,3.4e-07,3.5e-07,3.4e-07,3.4e-07,40845.06,0.01408
2019-06-15,DOGEBTC,3.5e-07,3.5e-07,3.4e-07,3.4e-07,1374.8,0.0004712
2019-06-14,DOGEBTC,3.7e-07,3.7e-07,3.5e-07,3.5e-07,381345.0,0.1347
2019-06-13,DOGEBTC,4.0e-07,4.0e-07,3.7e-07,3.7e-07,156686.68,0.05811
2019-06-12,DOGEBTC,4.0e-07,4.0e-07,3.8e-07,4.0e-07,93557.51,0.03663
2019-06-11,DOGEBTC,4.0e-07,4.0e-07,3.8e-07,4.0e-07,13222.63,0.005257
2019-06-10,DOGEBTC,4.0e-07,4.0e-07,4.0e-07,4.0e-07,14485.5,0.005794
2019-06-09,DOGEBTC,4.0e-07,4.0e-07,3.8e-07,4.0e-07,137786.68,0.05478
2019-06-08,DOGEBTC,3.9e-07,4.0e-07,3.7e-07,4.0e-07,28283.45,0.01077
2019-06-07,DOGEBTC,4.1e-07,4.1e-07,3.9e-07,3.9e-07,153751.56,0.05996
2019-06-06,DOGEBTC,3.9e-07,4.1e-07,3.8e-07,4.1e-07,18195.77,0.00692
2019-06-05,DOGEBTC,3.8e-07,3.9e-07,3.7e-07,3.9e-07,14379.1,0.005602
2019-06-04,DOGEBTC,3.8e-07,3.8e-07,3.7e-07,3.8e-07,24919.26,0.009324
2019-06-03,DOGEBTC,3.6e-07,4.1e-07,3.6e-07,3.8e-07,145426.08,0.05797
2019-06-02,DOGEBTC,3.9e-07,4.1e-07,3.6e-07,3.6e-07,16752.61,0.006372
2019-06-01,DOGEBTC,3.9e-07,4.0e-07,3.9e-07,3.9e-07,9788.35,0.003821
2019-05-31,DOGEBTC,3.9e-07,4.0e-07,3.9e-07,3.9e-07,27259.57,0.01086
2019-05-30,DOGEBTC,3.8e-07,4.1e-07,3.5e-07,3.9e-07,460307.94,0.1816
2019-05-29,DOGEBTC,3.6e-07,3.8e-07,3.5e-07,3.8e-07,16419.44,0.006042
2019-05-28,DOGEBTC,3.7e-07,3.8e-07,3.4e-07,3.6e-07,156910.83,0.0569
2019-05-27,DOGEBTC,3.6e-07,3.8e-07,3.6e-07,3.7e-07,45536.38,0.01691
2019-05-26,DOGEBTC,3.6e-07,3.8e-07,3.6e-07,3.6e-07,44378.91,0.01635
2019-05-25,DOGEBTC,3.7e-07,3.8e-07,3.6e-07,3.6e-07,37939.55,0.01384
2019-05-24,DOGEBTC,3.7e-07,3.7e-07,3.6e-07,3.7e-07,126080.27,0.04558
2019-05-23,DOGEBTC,3.8e-07,3.9e-07,3.7e-07,3.7e-07,66378.36,0.02457
2019-05-22,DOGEBTC,3.8e-07,3.9e-07,3.7e-07,3.8e-07,37281.95,0.01432
2019-05-21,DOGEBTC,3.9e-07,3.9e-07,3.7e-07,3.8e-07,69906.5,0.02594
2019-05-20,DOGEBTC,4.0e-07,4.0e-07,3.8e-07,3.9e-07,116520.65,0.04431
2019-05-19,DOGEBTC,4.1e-07,4.1e-07,3.8e-07,4.0e-07,29437.29,0.0115
2019-05-18,DOGEBTC,3.9e-07,4.1e-07,3.8e-07,4.1e-07,48802.28,0.01877
2019-05-17,DOGEBTC,4.1e-07,4.1e-07,3.9e-07,3.9e-07,102252.96,0.03988
2019-05-16,DOGEBTC,4.0e-07,4.4e-07,3.9e-07,4.1e-07,426392.35,0.1775
2019-05-15,DOGEBTC,3.7e-07,4.0e-07,3.7e-07,4.0e-07,752938.24,0.2946
2019-05-14,DOGEBTC,3.5e-07,4.0e-07,3.4e-07,3.7e-07,428518.25,0.1638
2019-05-13,DOGEBTC,3.7e-07,3.8e-07,3.5e-07,3.5e-07,334108.97,0.1211
2019-05-12,DOGEBTC,3.9e-07,3.9e-07,3.7e-07,3.7e-07,130558.34,0.04871
2019-05-11,DOGEBTC,4.1e-07,4.1e-07,3.8e-07,3.9e-07,745032.41,0.2872
2019-05-10,DOGEBTC,4.0e-07,4.2e-07,3.9e-07,4.1e-07,430205.1,0.1721
2019-05-09,DOGEBTC,4.3e-07,4.3e-07,4.0e-07,4.0e-07,72343.1,0.02999
2019-05-08,DOGEBTC,4.3e-07,4.3e-07,4.3e-07,4.3e-07,28627.91,0.01231
2019-05-07,DOGEBTC,4.4e-07,4.4e-07,4.1e-07,4.3e-07,530765.27,0.223
2019-05-06,DOGEBTC,4.6e-07,4.6e-07,4.4e-07,4.4e-07,276564.04,0.1228
2019-05-05,DOGEBTC,4.6e-07,4.6e-07,4.6e-07,4.6e-07,19320.33,0.008887
2019-05-04,DOGEBTC,4.7e-07,4.7e-07,4.6e-07,4.6e-07,659220.95,0.3033
2019-05-03,DOGEBTC,4.8e-07,4.8e-07,4.7e-07,4.7e-07,95376.54,0.04553
2019-05-02,DOGEBTC,4.8e-07,4.8e-07,4.7e-07,4.8e-07,6862.04,0.003243
2019-05-01,DOGEBTC,4.6e-07,4.8e-07,4.6e-07,4.8e-07,93334.75,0.04389
2019-04-30,DOGEBTC,4.7e-07,4.8e-07,4.6e-07,4.6e-07,24752.37,0.01162
2019-04-29,DOGEBTC,4.9e-07,4.9e-07,4.7e-07,4.7e-07,265065.2,0.1246
2019-04-28,DOGEBTC,4.7e-07,4.9e-07,4.7e-07,4.9e-07,75809.44,0.03632
2019-04-27,DOGEBTC,4.8e-07,4.8e-07,4.7e-07,4.7e-07,15000.0,0.00705
2019-04-26,DOGEBTC,4.8e-07,4.8e-07,4.6e-07,4.8e-07,403449.94,0.1898
2019-04-25,DOGEBTC,4.7e-07,4.9e-07,4.7e-07,4.8e-07,37782.95,0.01824
2019-04-24,DOGEBTC,5.0e-07,5.0e-07,4.7e-07,4.7e-07,232704.68,0.1113
2019-04-23,DOGEBTC,5.2e-07,5.3e-07,5.0e-07,5.0e-07,348855.19,0.1762
2019-04-22,DOGEBTC,5.3e-07,5.3e-07,5.1e-07,5.2e-07,27100.15,0.01409
2019-04-21,DOGEBTC,5.4e-07,5.5e-07,5.2e-07,5.3e-07,145859.57,0.07778
2019-04-20,DOGEBTC,5.7e-07,5.7e-07,5.3e-07,5.4e-07,196961.25,0.1088
2019-04-19,DOGEBTC,5.6e-07,5.7e-07,5.5e-07,5.7e-07,119102.64,0.0677
2019-04-18,DOGEBTC,5.3e-07,5.7e-07,5.3e-07,5.6e-07,54397.3,0.02982
2019-04-17,DOGEBTC,5.4e-07,5.4e-07,5.3e-07,5.3e-07,62167.14,0.03298
2019-04-16,DOGEBTC,5.5e-07,5.5e-07,5.4e-07,5.4e-07,999.93,0.00054
2019-04-15,DOGEBTC,5.5e-07,5.8e-07,5.5e-07,5.5e-07,26884.1,0.01507
2019-04-14,DOGEBTC,5.6e-07,5.7e-07,5.5e-07,5.5e-07,23109.23,0.01274
2019-04-13,DOGEBTC,5.7e-07,5.7e-07,5.4e-07,5.6e-07,22923.9,0.0129
2019-04-12,DOGEBTC,5.5e-07,5.7e-07,5.3e-07,5.7e-07,193285.6,0.1054
2019-04-11,DOGEBTC,5.6e-07,6.2e-07,5.5e-07,5.5e-07,243564.37,0.143
2019-04-10,DOGEBTC,5.5e-07,6.0e-07,5.5e-07,5.6e-07,111692.53,0.06565
2019-04-09,DOGEBTC,5.6e-07,8.0e-07,5.3e-07,5.5e-07,497899.21,0.2931
2019-04-08,DOGEBTC,6.7e-07,6.7e-07,5.5e-07,5.6e-07,525659.53,0.3079
2019-04-07,DOGEBTC,7.0e-07,7.0e-07,6.4e-07,6.7e-07,27150.93,0.01798
2019-04-06,DOGEBTC,7.1e-07,7.8e-07,6.6e-07,7.0e-07,63206.52,0.04438
2019-04-05,DOGEBTC,7.5e-07,7.5e-07,6.5e-07,7.1e-07,129899.35,0.08855
2019-04-04,DOGEBTC,6.1e-07,8.5e-07,6.1e-07,7.5e-07,649611.04,0.4797
2019-04-03,DOGEBTC,5.8e-07,7.0e-07,5.7e-07,6.1e-07,292172.03,0.1895
2019-04-02,DOGEBTC,6.1e-07,6.1e-07,5.3e-07,5.8e-07,312303.85,0.1725
2019-04-01,DOGEBTC,5.0e-07,6.1e-07,5.0e-07,6.1e-07,928023.94,0.5189
2019-03-31,DOGEBTC,5.1e-07,5.2e-07,5.0e-07,5.0e-07,397571.12,0.2027
2019-03-30,DOGEBTC,5.1e-07,5.2e-07,5.0e-07,5.1e-07,60281.91,0.03094
2019-03-29,DOGEBTC,5.2e-07,5.3e-07,5.0e-07,5.1e-07,16479.31,0.008512
2019-03-28,DOGEBTC,5.3e-07,5.3e-07,5.2e-07,5.2e-07,27520.14,0.01445
2019-03-27,DOGEBTC,5.2e-07,5.3e-07,5.2e-07,5.3e-07,13244.3,0.006919
2019-03-26,DOGEBTC,5.1e-07,5.2e-07,5.0e-07,5.2e-07,3460.15,0.001768
2019-03-25,DOGEBTC,5.1e-07,5.2e-07,5.0e-07,5.1e-07,33000.69,0.01674
2019-03-24,DOGEBTC,5.1e-07,5.1e-07,5.0e-07,5.1e-07,422924.61,0.2132
2019-03-23,DOGEBTC,5.0e-07,5.1e-07,5.0e-07,5.1e-07,204244.42,0.1033
2019-03-22,DOGEBTC,5.0e-07,5.1e-07,5.0e-07,5.0e-07,502315.99,0.2515
2019-03-21,DOGEBTC,5.1e-07,5.1e-07,5.0e-07,5.0e-07,128314.51,0.06507
2019-03-20,DOGEBTC,5.2e-07,5.2e-07,5.0e-07,5.1e-07,122717.07,0.0625
2019-03-19,DOGEBTC,5.2e-07,5.3e-07,5.1e-07,5.2e-07,9126.57,0.004737
2019-03-18,DOGEBTC,5.1e-07,5.3e-07,5.1e-07,5.2e-07,8358.92,0.004348
2019-03-17,DOGEBTC,5.1e-07,5.2e-07,5.1e-07,5.1e-07,232761.92,0.121
2019-03-16,DOGEBTC,5.1e-07,5.2e-07,5.1e-07,5.1e-07,98203.79,0.05059
2019-03-15,DOGEBTC,5.3e-07,5.3e-07,5.0e-07,5.1e-07,36637.15,0.01914
2019-03-14,DOGEBTC,5.2e-07,5.3e-07,5.0e-07,5.3e-07,34690.15,0.01784
2019-03-13,DOGEBTC,5.2e-07,5.3e-07,5.0e-07,5.2e-07,192853.8,0.1002
2019-03-12,DOGEBTC,5.1e-07,5.2e-07,4.9e-07,5.2e-07,187623.01,0.09432
2019-03-11,DOGEBTC,5.0e-07,5.1e-07,4.9e-07,5.1e-07,83528.18,0.04206
2019-03-10,DOGEBTC,5.1e-07,5.1e-07,5.0e-07,5.0e-07,17066.42,0.00862
2019-03-09,DOGEBTC,5.2e-07,5.2e-07,5.0e-07,5.1e-07,90305.99,0.04591
2019-03-08,DOGEBTC,5.1e-07,5.2e-07,5.0e-07,5.2e-07,22632.37,0.01148
2019-03-07,DOGEBTC,5.1e-07,5.3e-07,5.0e-07,5.1e-07,148519.72,0.0755
2019-03-06,DOGEBTC,5.2e-07,5.3e-07,5.0e-07,5.1e-07,194809.18,0.101
2019-03-05,DOGEBTC,5.2e-07,5.3e-07,5.0e-07,5.2e-07,53939.47,0.02804
2019-03-04,DOGEBTC,5.2e-07,5.3e-07,5.1e-07,5.2e-07,279558.72,0.1443
2019-03-03,DOGEBTC,5.1e-07,5.3e-07,5.1e-07,5.2e-07,35220.07,0.0182
2019-03-02,DOGEBTC,5.2e-07,5.2e-07,5.0e-07,5.1e-07,83901.8,0.04359
2019-03-01,DOGEBTC,5.2e-07,5.2e-07,5.0e-07,5.2e-07,30068.42,0.01541
2019-02-28,DOGEBTC,5.3e-07,5.3e-07,5.1e-07,5.2e-07,257149.79,0.1312
2019-02-27,DOGEBTC,5.1e-07,5.3e-07,5.1e-07,5.3e-07,38762.72,0.01993
2019-02-26,DOGEBTC,5.3e-07,5.3e-07,5.1e-07,5.1e-07,82700.46,0.04372
2019-02-25,DOGEBTC,5.2e-07,5.3e-07,5.0e-07,5.3e-07,235495.72,0.1235
2019-02-24,DOGEBTC,5.1e-07,5.2e-07,5.0e-07,5.2e-07,285828.11,0.1469
2019-02-23,DOGEBTC,5.2e-07,5.2e-07,5.1e-07,5.1e-07,482266.29,0.2502
2019-02-22,DOGEBTC,5.1e-07,5.3e-07,5.0e-07,5.2e-07,85029.91,0.04388
2019-02-21,DOGEBTC,5.2e-07,5.3e-07,5.1e-07,5.1e-07,286303.82,0.1505
2019-02-20,DOGEBTC,5.2e-07,5.4e-07,5.2e-07,5.2e-07,5802.9,0.003052
2019-02-19,DOGEBTC,5.2e-07,5.4e-07,5.2e-07,5.2e-07,12863.87,0.006739
2019-02-18,DOGEBTC,5.5e-07,5.5e-07,5.2e-07,5.2e-07,410958.66,0.2235
2019-02-17,DOGEBTC,5.2e-07,5.6e-07,5.2e-07,5.5e-07,17444.37,0.009555
2019-02-16,DOGEBTC,5.6e-07,5.6e-07,5.2e-07,5.2e-07,36834.24,0.01953
2019-02-15,DOGEBTC,5.3e-07,5.6e-07,5.3e-07,5.6e-07,405286.24,0.2221
2019-02-14,DOGEBTC,5.1e-07,5.3e-07,5.1e-07,5.3e-07,26241.85,0.01347
2019-02-13,DOGEBTC,5.3e-07,5.3e-07,5.1e-07,5.1e-07,19551.97,0.009997
2019-02-12,DOGEBTC,5.3e-07,5.3e-07,5.1e-07,5.3e-07,47577.69,0.02452
2019-02-11,DOGEBTC,5.3e-07,5.3e-07,5.3e-07,5.3e-07,8623.08,0.00457
2019-02-10,DOGEBTC,5.4e-07,5.4e-07,5.2e-07,5.3e-07,26103.92,0.01401
2019-02-09,DOGEBTC,5.4e-07,5.4e-07,5.1e-07,5.4e-07,26719.28,0.01418
2019-02-08,DOGEBTC,5.6e-07,5.6e-07,5.3e-07,5.4e-07,7060.66,0.003863
2019-02-07,DOGEBTC,5.3e-07,5.6e-07,5.3e-07,5.6e-07,91807.45,0.04955
2019-02-06,DOGEBTC,5.3e-07,5.6e-07,5.3e-07,5.3e-07,339522.35,0.1818
2019-02-05,DOGEBTC,5.6e-07,5.6e-07,5.3e-07,5.3e-07,176615.21,0.0964
2019-02-04,DOGEBTC,5.6e-07,5.6e-07,5.4e-07,5.6e-07,33646.26,0.01883
2019-02-03,DOGEBTC,5.4e-07,5.6e-07,5.4e-07,5.6e-07,22851.93,0.01261
2019-02-02,DOGEBTC,5.5e-07,5.6e-07,5.4e-07,5.4e-07,54957.1,0.0303
2019-02-01,DOGEBTC,5.6e-07,5.6e-07,5.5e-07,5.5e-07,55495.17,0.03105
2019-01-31,DOGEBTC,5.6e-07,5.6e-07,5.6e-07,5.6e-07,19078.31,0.01068
2019-01-30,DOGEBTC,5.5e-07,5.6e-07,5.5e-07,5.6e-07,35179.51,0.01965
2019-01-29,DOGEBTC,5.5e-07,5.8e-07,5.4e-07,5.5e-07,239840.35,0.1301
2019-01-28,DOGEBTC,5.6e-07,5.7e-07,5.5e-07,5.5e-07,358638.64,0.1985
2019-01-27,DOGEBTC,5.6e-07,5.6e-07,5.6e-07,5.6e-07,182.42,0.0001022
2019-01-26,DOGEBTC,5.6e-07,5.8e-07,5.6e-07,5.6e-07,254974.45,0.1453
2019-01-25,DOGEBTC,5.6e-07,5.8e-07,5.6e-07,5.6e-07,216659.75,0.123
2019-01-24,DOGEBTC,5.6e-07,5.9e-07,5.6e-07,5.6e-07,56194.56,0.03155
2019-01-23,DOGEBTC,5.6e-07,5.9e-07,5.6e-07,5.6e-07,17325.9,0.01015
2019-01-22,DOGEBTC,5.9e-07,5.9e-07,5.6e-07,5.6e-07,14431.64,0.008295
2019-01-21,DOGEBTC,5.7e-07,5.9e-07,5.5e-07,5.9e-07,32042.87,0.01819
2019-01-20,DOGEBTC,5.8e-07,5.9e-07,5.6e-07,5.7e-07,45435.5,0.02616
2019-01-19,DOGEBTC,5.8e-07,5.8e-07,5.5e-07,5.8e-07,57972.25,0.03253
2019-01-18,DOGEBTC,5.7e-07,5.9e-07,5.7e-07,5.8e-07,17919.81,0.01041
2019-01-17,DOGEBTC,5.8e-07,5.9e-07,5.7e-07,5.7e-07,43336.27,0.02495
2019-01-16,DOGEBTC,6.0e-07,6.0e-07,5.7e-07,5.8e-07,78867.06,0.04569
2019-01-15,DOGEBTC,5.8e-07,6.2e-07,5.7e-07,6.0e-07,55664.2,0.03249
2019-01-14,DOGEBTC,5.8e-07,6.0e-07,5.7e-07,5.8e-07,174705.5,0.1014
2019-01-13,DOGEBTC,5.9e-07,5.9e-07,5.6e-07,5.8e-07,99526.89,0.05641
2019-01-12,DOGEBTC,5.8e-07,5.9e-07,5.6e-07,5.9e-07,41849.06,0.02396
2019-01-11,DOGEBTC,5.9e-07,5.9e-07,5.6e-07,5.8e-07,147064.25,0.08528
2019-01-10,DOGEBTC,5.7e-07,5.9e-07,5.6e-07,5.9e-07,194773.69,0.1124
2019-01-09,DOGEBTC,5.5e-07,5.7e-07,5.5e-07,5.7e-07,45452.05,0.02577
2019-01-08,DOGEBTC,5.4e-07,5.7e-07,5.4e-07,5.5e-07,80917.69,0.04538
2019-01-07,DOGEBTC,5.6e-07,5.7e-07,5.4e-07,5.4e-07,159950.3,0.08894
2019-01-06,DOGEBTC,5.9e-07,6.1e-07,5.5e-07,5.6e-07,869462.67,0.5059
2019-01-05,DOGEBTC,6.0e-07,6.0e-07,5.8e-07,5.9e-07,204464.32,0.1211
2019-01-04,DOGEBTC,6.0e-07,6.1e-07,5.9e-07,6.0e-07,306631.93,0.1827
2019-01-03,DOGEBTC,6.1e-07,6.2e-07,5.7e-07,6.0e-07,139341.22,0.08348
2019-01-02,DOGEBTC,5.5e-07,6.4e-07,5.2e-07,6.1e-07,273835.67,0.1595
2019-01-01,DOGEBTC,6.5e-07,6.5e-07,5.3e-07,5.5e-07,749840.0,0.4436
2018-12-31,DOGEBTC,5.9e-07,6.5e-07,5.9e-07,6.5e-07,15101.83,0.009518
2018-12-30,DOGEBTC,6.2e-07,6.3e-07,5.8e-07,5.9e-07,144038.62,0.08715
2018-12-29,DOGEBTC,6.3e-07,6.3e-07,6.2e-07,6.2e-07,8870.33,0.005527
2018-12-28,DOGEBTC,6.4e-07,6.5e-07,6.1e-07,6.3e-07,67192.72,0.04249
2018-12-27,DOGEBTC,6.2e-07,6.5e-07,6.2e-07,6.4e-07,100412.47,0.06501
2018-12-26,DOGEBTC,6.3e-07,6.5e-07,6.2e-07,6.2e-07,117444.15,0.07531
2018-12-25,DOGEBTC,6.1e-07,6.8e-07,6.1e-07,6.3e-07,82066.62,0.05215
2018-12-24,DOGEBTC,6.4e-07,6.4e-07,6.1e-07,6.1e-07,410656.21,0.2581
2018-12-23,DOGEBTC,6.4e-07,6.5e-07,6.1e-07,6.4e-07,99574.79,0.06372
2018-12-22,DOGEBTC,6.5e-07,6.9e-07,6.1e-07,6.4e-07,252011.92,0.158
2018-12-21,DOGEBTC,6.7e-07,7.3e-07,6.4e-07,6.5e-07,100619.81,0.06555
2018-12-20,DOGEBTC,7.0e-07,7.5e-07,6.5e-07,6.7e-07,52579.45,0.03683
2018-12-19,DOGEBTC,7.1e-07,7.7e-07,6.9e-07,7.0e-07,132907.87,0.09493
2018-12-18,DOGEBTC,8.2e-07,8.2e-07,7.0e-07,7.1e-07,165044.57,0.1215
2018-12-17,DOGEBTC,6.6e-07,8.5e-07,6.2e-07,8.2e-07,608516.3,0.4224
2018-12-16,DOGEBTC,6.4e-07,6.7e-07,6.2e-07,6.6e-07,42698.71,0.02682
2018-12-15,DOGEBTC,6.4e-07,6.5e-07,6.2e-07,6.4e-07,34913.25,0.02233
2018-12-14,DOGEBTC,6.4e-07,6.5e-07,6.3e-07,6.4e-07,30282.66,0.01936
2018-12-13,DOGEBTC,6.1e-07,6.6e-07,6.0e-07,6.4e-07,98526.3,0.06088
2018-12-12,DOGEBTC,5.9e-07,6.1e-07,5.9e-07,6.1e-07,133773.11,0.08108
2018-12-11,DOGEBTC,5.8e-07,6.9e-07,5.8e-07,5.9e-07,147390.72,0.08794
2018-12-10,DOGEBTC,6.1e-07,6.2e-07,5.8e-07,5.8e-07,83497.47,0.05054
2018-12-09,DOGEBTC,6.2e-07,6.2e-07,5.9e-07,6.1e-07,216971.4,0.1284
2018-12-08,DOGEBTC,6.2e-07,6.3e-07,6.0e-07,6.2e-07,71053.67,0.0439
2018-12-07,DOGEBTC,5.9e-07,7.0e-07,5.8e-07,6.2e-07,51561.83,0.03252
2018-12-06,DOGEBTC,5.7e-07,5.9e-07,5.5e-07,5.9e-07,181243.4,0.1036
2018-12-05,DOGEBTC,5.4e-07,5.8e-07,5.4e-07,5.7e-07,623658.05,0.3524
2018-12-04,DOGEBTC,5.6e-07,5.6e-07,5.4e-07,5.4e-07,161495.69,0.08989
2018-12-03,DOGEBTC,5.3e-07,5.6e-07,5.3e-07,5.6e-07,96624.86,0.05356
2018-12-02,DOGEBTC,5.5e-07,5.5e-07,5.2e-07,5.3e-07,19064.33,0.01031
2018-12-01,DOGEBTC,5.5e-07,5.6e-07,5.2e-07,5.5e-07,76241.68,0.04089
2018-11-30,DOGEBTC,5.3e-07,5.5e-07,5.0e-07,5.5e-07,172400.59,0.08867
2018-11-29,DOGEBTC,5.3e-07,5.6e-07,5.2e-07,5.3e-07,231843.38,0.1236
2018-11-28,DOGEBTC,5.4e-07,5.5e-07,5.1e-07,5.3e-07,507670.88,0.269
2018-11-27,DOGEBTC,5.6e-07,5.6e-07,5.4e-07,5.4e-07,89789.76,0.04912
2018-11-26,DOGEBTC,5.4e-07,5.8e-07,5.4e-07,5.6e-07,111611.05,0.06166
2018-11-25,DOGEBTC,5.8e-07,6.0e-07,5.4e-07,5.4e-07,46263.35,0.02602
2018-11-24,DOGEBTC,5.2e-07,6.2e-07,5.2e-07,5.8e-07,622817.43,0.344
2018-11-23,DOGEBTC,5.5e-07,5.5e-07,5.2e-07,5.2e-07,47345.98,0.0257
2018-11-22,DOGEBTC,5.2e-07,5.6e-07,5.1e-07,5.5e-07,173456.56,0.09394
2018-11-21,DOGEBTC,5.2e-07,5.8e-07,4.7e-07,5.2e-07,83296.92,0.04363
2018-11-20,DOGEBTC,4.9e-07,5.2e-07,4.6e-07,5.2e-07,166895.11,0.08267
2018-11-19,DOGEBTC,4.6e-07,4.9e-07,4.6e-07,4.9e-07,164462.37,0.0795
2018-11-18,DOGEBTC,4.8e-07,4.9e-07,4.3e-07,4.6e-07,73696.33,0.03417
2018-11-17,DOGEBTC,5.0e-07,5.0e-07,4.6e-07,4.8e-07,227462.45,0.1073
2018-11-16,DOGEBTC,5.2e-07,5.2e-07,4.4e-07,5.0e-07,106854.17,0.05304
2018-11-15,DOGEBTC,4.6e-07,5.2e-07,4.4e-07,5.2e-07,52353.54,0.02458
2018-11-14,DOGEBTC,4.7e-07,4.7e-07,4.5e-07,4.6e-07,114193.56,0.05282
2018-11-13,DOGEBTC,4.7e-07,5.1e-07,4.7e-07,4.7e-07,225970.74,0.1084
2018-11-12,DOGEBTC,4.9e-07,5.1e-07,4.7e-07,4.7e-07,148568.52,0.07233
2018-11-11,DOGEBTC,5.1e-07,5.2e-07,4.9e-07,4.9e-07,17883.89,0.009014
2018-11-10,DOGEBTC,4.7e-07,5.2e-07,4.7e-07,5.1e-07,125090.23,0.06172
2018-11-09,DOGEBTC,5.2e-07,5.4e-07,4.7e-07,4.7e-07,57970.92,0.03009
2018-11-08,DOGEBTC,5.5e-07,5.5e-07,4.6e-07,5.2e-07,360838.97,0.1868
2018-11-07,DOGEBTC,5.9e-07,5.9e-07,5.5e-07,5.5e-07,342420.68,0.1919
2018-11-06,DOGEBTC,6.1e-07,6.1e-07,5.6e-07,5.9e-07,77019.37,0.04451
2018-11-05,DOGEBTC,6.0e-07,6.1e-07,5.6e-07,6.1e-07,95816.29,0.05582
2018-11-04,DOGEBTC,6.1e-07,6.1e-07,5.9e-07,6.0e-07,246158.76,0.1457
2018-11-03,DOGEBTC,6.1e-07,6.1e-07,5.9e-07,6.1e-07,52937.9,0.03143
2018-11-02,DOGEBTC,5.9e-07,6.1e-07,5.9e-07,6.1e-07,21240.18,0.01275
2018-11-01,DOGEBTC,6.0e-07,6.1e-07,5.9e-07,5.9e-07,54022.39,0.0324
2018-10-31,DOGEBTC,5.8e-07,6.1e-07,5.8e-07,6.0e-07,15626.2,0.00938
2018-10-30,DOGEBTC,6.2e-07,6.3e-07,5.8e-07,5.8e-07,75163.88,0.04625
2018-10-29,DOGEBTC,6.5e-07,6.5e-07,5.8e-07,6.2e-07,120210.46,0.07536
2018-10-28,DOGEBTC,6.6e-07,6.6e-07,6.1e-07,6.5e-07,52528.93,0.0333
2018-10-27,DOGEBTC,6.1e-07,7.0e-07,6.1e-07,6.6e-07,290482.69,0.1807
2018-10-26,DOGEBTC,5.7e-07,6.1e-07,5.7e-07,6.1e-07,730441.15,0.4335
2018-10-25,DOGEBTC,6.0e-07,6.1e-07,5.5e-07,5.7e-07,1014802.31,0.5978
2018-10-24,DOGEBTC,6.3e-07,6.6e-07,5.8e-07,6.0e-07,187877.85,0.1171
2018-10-23,DOGEBTC,6.9e-07,6.9e-07,6.3e-07,6.3e-07,289361.45,0.1893
2018-10-22,DOGEBTC,6.9e-07,7.0e-07,6.7e-07,6.9e-07,213481.86,0.1476
2018-10-21,DOGEBTC,6.9e-07,7.6e-07,6.7e-07,6.9e-07,329506.61,0.2361
2018-10-20,DOGEBTC,7.3e-07,7.3e-07,6.9e-07,6.9e-07,146056.68,0.1032
2018-10-19,DOGEBTC,7.1e-07,7.6e-07,6.1e-07,7.3e-07,474669.72,0.3215
2018-10-18,DOGEBTC,7.2e-07,7.7e-07,6.6e-07,7.1e-07,189734.92,0.1301
2018-10-17,DOGEBTC,7.6e-07,7.9e-07,6.8e-07,7.2e-07,176278.32,0.1275
2018-10-16,DOGEBTC,7.6e-07,8.4e-07,7.6e-07,7.6e-07,68654.54,0.05443
2018-10-15,DOGEBTC,8.2e-07,8.3e-07,7.6e-07,7.6e-07,77599.9,0.06183
2018-10-14,DOGEBTC,8.4e-07,8.4e-07,8.2e-07,8.2e-07,75250.34,0.06229
2018-10-13,DOGEBTC,8.4e-07,8.5e-07,7.6e-07,8.4e-07,85928.98,0.06887
2018-10-12,DOGEBTC,8.1e-07,8.8e-07,8.0e-07,8.4e-07,86219.9,0.07228
2018-10-11,DOGEBTC,8.4e-07,8.7e-07,7.7e-07,8.1e-07,468065.4,0.388
2018-10-10,DOGEBTC,8.5e-07,9.1e-07,8.4e-07,8.4e-07,76883.75,0.06578
2018-10-09,DOGEBTC,8.4e-07,8.6e-07,8.3e-07,8.5e-07,42038.43,0.03522
2018-10-08,DOGEBTC,8.6e-07,8.8e-07,8.4e-07,8.4e-07,20333.83,0.01751
2018-10-07,DOGEBTC,8.2e-07,8.6e-07,8.2e-07,8.6e-07,13453.47,0.01141
2018-10-06,DOGEBTC,8.8e-07,8.8e-07,8.1e-07,8.2e-07,125922.79,0.1072
2018-10-05,DOGEBTC,8.7e-07,9.1e-07,8.5e-07,8.8e-07,6812.45,0.005988
2018-10-04,DOGEBTC,8.8e-07,9.1e-07,8.5e-07,8.7e-07,61598.65,0.05376
2018-10-03,DOGEBTC,9.0e-07,9.0e-07,8.8e-07,8.8e-07,7432.04,0.006573
2018-10-02,DOGEBTC,9.2e-07,9.6e-07,8.9e-07,9.0e-07,175257.87,0.1591
2018-10-01,DOGEBTC,9.0e-07,9.6e-07,8.8e-07,9.2e-07,170931.0,0.1557
2018-09-30,DOGEBTC,8.8e-07,9.1e-07,8.8e-07,9.0e-07,20795.61,0.01855
2018-09-29,DOGEBTC,8.8e-07,9.1e-07,8.8e-07,8.8e-07,77292.18,0.06872
2018-09-28,DOGEBTC,8.8e-07,9.1e-07,8.6e-07,8.8e-07,63342.63,0.05577
2018-09-27,DOGEBTC,8.8e-07,9.2e-07,8.8e-07,8.8e-07,185130.4,0.1649
2018-09-26,DOGEBTC,8.8e-07,9.0e-07,8.8e-07,8.8e-07,85789.04,0.07616
2018-09-25,DOGEBTC,8.6e-07,9.0e-07,8.6e-07,8.8e-07,63688.61,0.05643
2018-09-24,DOGEBTC,9.0e-07,9.0e-07,8.6e-07,8.6e-07,66710.92,0.05935
2018-09-23,DOGEBTC,8.1e-07,9.0e-07,8.1e-07,9.0e-07,54449.34,0.0477
2018-09-22,DOGEBTC,8.4e-07,8.9e-07,8.1e-07,8.1e-07,137963.97,0.1198
2018-09-21,DOGEBTC,8.6e-07,9.0e-07,8.2e-07,8.4e-07,121188.35,0.1056
2018-09-20,DOGEBTC,8.6e-07,9.2e-07,8.6e-07,8.6e-07,50982.51,0.04526
2018-09-19,DOGEBTC,9.0e-07,9.3e-07,8.6e-07,8.6e-07,42426.62,0.03847
2018-09-18,DOGEBTC,9.8e-07,1.01e-06,6.0e-07,9.0e-07,379445.46,0.3324
2018-09-17,DOGEBTC,1.0e-06,1.01e-06,9.2e-07,9.8e-07,213255.46,0.2048
2018-09-16,DOGEBTC,9.6e-07,1.0e-06,9.3e-07,1.0e-06,132969.81,0.128
2018-09-15,DOGEBTC,9.5e-07,9.7e-07,9.4e-07,9.6e-07,141871.49,0.135
2018-09-14,DOGEBTC,1.01e-06,1.02e-06,9.4e-07,9.5e-07,215687.62,0.2096
2018-09-13,DOGEBTC,9.9e-07,1.06e-06,9.7e-07,1.01e-06,359373.63,0.3564
2018-09-12,DOGEBTC,9.9e-07,1.05e-06,9.7e-07,9.9e-07,191372.69,0.1942
2018-09-11,DOGEBTC,1.09e-06,1.09e-06,9.0e-07,9.9e-07,247609.77,0.2502
2018-09-10,DOGEBTC,9.0e-07,1.09e-06,9.0e-07,1.09e-06,378665.97,0.381
2018-09-09,DOGEBTC,8.7e-07,9.5e-07,8.7e-07,9.0e-07,206465.62,0.1922
2018-09-08,DOGEBTC,8.2e-07,9.0e-07,8.2e-07,8.7e-07,424034.97,0.3779
2018-09-07,DOGEBTC,7.6e-07,8.5e-07,7.6e-07,8.2e-07,123630.4,0.1012
2018-09-06,DOGEBTC,7.1e-07,7.9e-07,7.1e-07,7.6e-07,298452.02,0.2309
2018-09-05,DOGEBTC,7.3e-07,7.8e-07,6.8e-07,7.1e-07,808725.2,0.5913
2018-09-04,DOGEBTC,7.2e-07,7.3e-07,6.8e-07,7.3e-07,347637.3,0.2459
2018-09-03,DOGEBTC,6.7e-07,7.6e-07,6.5e-07,7.2e-07,435039.63,0.316
2018-09-02,DOGEBTC,8.9e-07,9.0e-07,6.2e-07,6.7e-07,1625379.33,1.164
2018-09-01,DOGEBTC,7.1e-07,9.4e-07,5.9e-07,8.9e-07,3715859.61,2.995
2018-08-31,DOGEBTC,4.5e-07,7.1e-07,4.5e-07,7.1e-07,3390811.45,1.888
2018-08-30,DOGEBTC,3.7e-07,4.6e-07,3.7e-07,4.5e-07,2218662.55,0.932
2018-08-29,DOGEBTC,3.8e-07,3.8e-07,3.6e-07,3.7e-07,91276.71,0.03299
2018-08-28,DOGEBTC,3.5e-07,3.8e-07,3.5e-07,3.8e-07,602704.62,0.2236
2018-08-27,DOGEBTC,3.6e-07,3.7e-07,3.5e-07,3.5e-07,58380.95,0.02157
2018-08-26,DOGEBTC,3.7e-07,3.7e-07,3.6e-07,3.6e-07,162870.92,0.05987
2018-08-25,DOGEBTC,3.5e-07,3.7e-07,3.5e-07,3.7e-07,279558.87,0.1034
2018-08-24,DOGEBTC,3.7e-07,3.8e-07,3.5e-07,3.5e-07,255009.8,0.09268
2018-08-23,DOGEBTC,3.6e-07,3.8e-07,3.6e-07,3.7e-07,274654.73,0.1007
2018-08-22,DOGEBTC,3.7e-07,3.8e-07,3.6e-07,3.6e-07,53614.45,0.02
2018-08-21,DOGEBTC,3.7e-07,3.8e-07,3.7e-07,3.7e-07,206463.66,0.07819
2018-08-20,DOGEBTC,3.8e-07,3.9e-07,3.7e-07,3.7e-07,127517.57,0.04788
2018-08-19,DOGEBTC,3.8e-07,3.8e-07,3.7e-07,3.8e-07,206270.02,0.07792
2018-08-18,DOGEBTC,3.8e-07,3.9e-07,3.7e-07,3.8e-07,549196.31,0.2067
2018-08-17,DOGEBTC,3.7e-07,3.8e-07,3.6e-07,3.8e-07,268647.83,0.09892
2018-08-16,DOGEBTC,3.6e-07,3.7e-07,3.6e-07,3.7e-07,259148.26,0.09445
2018-08-15,DOGEBTC,3.5e-07,3.8e-07,3.5e-07,3.6e-07,502239.99,0.1853
2018-08-14,DOGEBTC,3.7e-07,3.7e-07,3.5e-07,3.5e-07,692571.56,0.2514
2018-08-13,DOGEBTC,3.9e-07,3.9e-07,3.7e-07,3.7e-07,487490.69,0.1847
2018-08-12,DOGEBTC,3.8e-07,4.0e-07,3.8e-07,3.9e-07,291394.11,0.1145
2018-08-11,DOGEBTC,4.0e-07,4.0e-07,3.8e-07,3.8e-07,468105.58,0.1817
2018-08-10,DOGEBTC,3.9e-07,4.0e-07,3.9e-07,4.0e-07,279403.69,0.1105
2018-08-09,DOGEBTC,3.9e-07,3.9e-07,3.8e-07,3.9e-07,367197.35,0.1414
2018-08-08,DOGEBTC,3.9e-07,4.0e-07,3.8e-07,3.9e-07,415270.95,0.1629
2018-08-07,DOGEBTC,4.0e-07,4.0e-07,3.9e-07,3.9e-07,304844.26,0.1201
2018-08-06,DOGEBTC,4.1e-07,4.1e-07,4.0e-07,4.0e-07,350885.38,0.1416
2018-08-05,DOGEBTC,4.1e-07,4.1e-07,4.0e-07,4.1e-07,140447.72,0.05694
2018-08-04,DOGEBTC,3.9e-07,4.1e-07,3.7e-07,4.1e-07,856059.21,0.3311
2018-08-03,DOGEBTC,4.0e-07,4.0e-07,3.9e-07,3.9e-07,217137.05,0.08585
2018-08-02,DOGEBTC,4.0e-07,4.1e-07,3.9e-07,4.0e-07,233932.9,0.09356
2018-08-01,DOGEBTC,3.8e-07,4.1e-07,3.8e-07,4.0e-07,82926.82,0.03334
2018-07-31,DOGEBTC,3.9e-07,4.1e-07,3.8e-07,3.8e-07,454619.0,0.1778
2018-07-30,DOGEBTC,4.1e-07,4.2e-07,3.9e-07,3.9e-07,423363.84,0.1658
2018-07-29,DOGEBTC,4.3e-07,4.3e-07,4.0e-07,4.1e-07,308628.36,0.1291
2018-07-28,DOGEBTC,4.2e-07,4.3e-07,4.1e-07,4.3e-07,122749.62,0.05113
2018-07-27,DOGEBTC,4.3e-07,4.3e-07,4.1e-07,4.2e-07,60339.42,0.02517
2018-07-26,DOGEBTC,4.4e-07,4.5e-07,4.2e-07,4.3e-07,722554.99,0.3109
2018-07-25,DOGEBTC,4.3e-07,4.4e-07,4.2e-07,4.4e-07,163175.69,0.06942
2018-07-24,DOGEBTC,4.5e-07,4.5e-07,4.3e-07,4.3e-07,161519.67,0.07098
2018-07-23,DOGEBTC,4.8e-07,4.8e-07,4.4e-07,4.5e-07,184916.35,0.08631
2018-07-22,DOGEBTC,4.7e-07,5.1e-07,4.7e-07,4.8e-07,279467.39,0.1333
2018-07-21,DOGEBTC,4.6e-07,5.0e-07,4.6e-07,4.7e-07,38118.26,0.01815
2018-07-20,DOGEBTC,5.3e-07,5.3e-07,4.4e-07,4.6e-07,274387.87,0.1265
2018-07-19,DOGEBTC,5.0e-07,5.3e-07,4.4e-07,5.3e-07,483264.07,0.2379
2018-07-18,DOGEBTC,4.5e-07,5.5e-07,4.3e-07,5.0e-07,810273.25,0.3993
2018-07-17,DOGEBTC,4.5e-07,4.5e-07,4.0e-07,4.5e-07,1048293.53,0.4479
2018-07-16,DOGEBTC,3.7e-07,4.5e-07,3.7e-07,4.5e-07,591002.27,0.2308
2018-07-15,DOGEBTC,3.7e-07,3.8e-07,3.7e-07,3.7e-07,86841.68,0.03277
2018-07-14,DOGEBTC,3.7e-07,3.9e-07,3.7e-07,3.7e-07,689374.91,0.2555
2018-07-13,DOGEBTC,3.7e-07,3.9e-07,3.7e-07,3.7e-07,51924.84,0.01952
2018-07-12,DOGEBTC,3.9e-07,3.9e-07,3.7e-07,3.7e-07,271320.75,0.1009
2018-07-11,DOGEBTC,3.8e-07,3.9e-07,3.7e-07,3.9e-07,125350.06,0.04785
2018-07-10,DOGEBTC,3.9e-07,4.0e-07,3.8e-07,3.8e-07,495376.66,0.1914
2018-07-09,DOGEBTC,4.0e-07,4.1e-07,3.9e-07,3.9e-07,224947.95,0.08969
2018-07-08,DOGEBTC,3.9e-07,4.0e-07,3.9e-07,4.0e-07,433742.48,0.1703
2018-07-07,DOGEBTC,4.0e-07,4.0e-07,3.9e-07,3.9e-07,293157.88,0.1156
2018-07-06,DOGEBTC,4.0e-07,4.0e-07,3.8e-07,4.0e-07,328939.86,0.1312
2018-07-05,DOGEBTC,4.0e-07,4.1e-07,3.9e-07,4.0e-07,392222.03,0.1593
2018-07-04,DOGEBTC,4.0e-07,4.2e-07,4.0e-07,4.0e-07,407821.33,0.1654
2018-07-03,DOGEBTC,4.2e-07,4.3e-07,4.0e-07,4.0e-07,284748.07,0.1166
2018-07-02,DOGEBTC,4.0e-07,4.2e-07,3.9e-07,4.2e-07,320378.72,0.1286
2018-07-01,DOGEBTC,3.9e-07,4.0e-07,3.9e-07,4.0e-07,224460.74,0.0887
2018-06-30,DOGEBTC,3.7e-07,4.0e-07,3.7e-07,3.9e-07,125528.56,0.04911
2018-06-29,DOGEBTC,3.9e-07,4.0e-07,3.7e-07,3.7e-07,385539.78,0.1516
2018-06-28,DOGEBTC,4.2e-07,4.2e-07,3.9e-07,3.9e-07,323905.83,0.1292
2018-06-27,DOGEBTC,4.1e-07,4.2e-07,3.9e-07,4.2e-07,201222.22,0.08062
2018-06-26,DOGEBTC,4.1e-07,4.1e-07,3.9e-07,4.1e-07,413047.73,0.167
2018-06-25,DOGEBTC,4.0e-07,4.1e-07,4.0e-07,4.1e-07,177108.13,0.07151
2018-06-24,DOGEBTC,4.2e-07,4.2e-07,4.0e-07,4.0e-07,574292.56,0.2337
2018-06-23,DOGEBTC,4.2e-07,4.4e-07,4.2e-07,4.2e-07,139114.56,0.05967
2018-06-22,DOGEBTC,4.4e-07,4.4e-07,4.2e-07,4.2e-07,387342.43,0.1677
2018-06-21,DOGEBTC,4.4e-07,4.5e-07,4.3e-07,4.4e-07,549634.99,0.2416
2018-06-20,DOGEBTC,4.5e-07,4.6e-07,4.4e-07,4.4e-07,524590.52,0.2346
2018-06-19,DOGEBTC,4.4e-07,4.6e-07,4.4e-07,4.5e-07,539721.57,0.2419
2018-06-18,DOGEBTC,4.4e-07,4.5e-07,4.3e-07,4.4e-07,82099.56,0.03625
2018-06-17,DOGEBTC,4.5e-07,4.5e-07,4.3e-07,4.4e-07,307719.11,0.1347
2018-06-16,DOGEBTC,4.5e-07,4.6e-07,4.4e-07,4.5e-07,219336.71,0.09858
2018-06-15,DOGEBTC,4.4e-07,4.5e-07,4.4e-07,4.5e-07,342688.9,0.153
2018-06-14,DOGEBTC,4.4e-07,4.6e-07,4.3e-07,4.4e-07,561796.09,0.2488
2018-06-13,DOGEBTC,4.8e-07,4.8e-07,4.2e-07,4.4e-07,639883.66,0.29
2018-06-12,DOGEBTC,4.6e-07,4.8e-07,4.6e-07,4.8e-07,625321.38,0.2949
2018-06-11,DOGEBTC,4.6e-07,4.8e-07,4.6e-07,4.6e-07,631044.22,0.2951
2018-06-10,DOGEBTC,4.8e-07,4.9e-07,4.4e-07,4.6e-07,906776.65,0.4213
2018-06-09,DOGEBTC,4.8e-07,4.9e-07,4.7e-07,4.8e-07,479233.05,0.2315
2018-06-08,DOGEBTC,4.9e-07,5.0e-07,4.7e-07,4.8e-07,1151794.66,0.5593
2018-06-07,DOGEBTC,4.8e-07,5.0e-07,4.8e-07,4.9e-07,256860.48,0.1245
2018-06-06,DOGEBTC,4.7e-07,4.9e-07,4.7e-07,4.8e-07,981335.64,0.4749
2018-06-05,DOGEBTC,4.8e-07,4.8e-07,4.6e-07,4.7e-07,1289438.79,0.6055
2018-06-04,DOGEBTC,4.9e-07,4.9e-07,4.5e-07,4.8e-07,3120326.1,1.452
2018-06-03,DOGEBTC,4.8e-07,4.9e-07,4.6e-07,4.9e-07,2494775.91,1.191
2018-06-02,DOGEBTC,4.6e-07,4.8e-07,4.4e-07,4.8e-07,951459.93,0.4341
2018-06-01,DOGEBTC,4.5e-07,4.6e-07,4.4e-07,4.6e-07,1508219.06,0.6781
2018-05-31,DOGEBTC,4.4e-07,4.8e-07,4.2e-07,4.5e-07,5613856.41,2.512
2018-05-30,DOGEBTC,4.5e-07,4.9e-07,4.4e-07,4.4e-07,1060827.3,0.4832
2018-05-29,DOGEBTC,4.5e-07,4.7e-07,4.2e-07,4.5e-07,1991659.52,0.8924
2018-05-28,DOGEBTC,4.5e-07,4.7e-07,4.3e-07,4.5e-07,2241161.26,1.005
2018-05-27,DOGEBTC,4.7e-07,4.7e-07,4.4e-07,4.5e-07,2168931.71,0.9816
2018-05-26,DOGEBTC,4.7e-07,4.7e-07,4.6e-07,4.7e-07,1760093.88,0.8158
2018-05-25,DOGEBTC,4.7e-07,4.9e-07,4.6e-07,4.7e-07,617287.93,0.292
2018-05-24,DOGEBTC,4.5e-07,4.8e-07,4.4e-07,4.7e-07,860392.79,0.3919
2018-05-23,DOGEBTC,4.7e-07,4.9e-07,4.4e-07,4.5e-07,1332704.98,0.6197
2018-05-22,DOGEBTC,5.1e-07,5.2e-07,4.5e-07,4.7e-07,717585.11,0.3579
2018-05-21,DOGEBTC,5.1e-07,5.2e-07,5.0e-07,5.1e-07,774009.45,0.3987
2018-05-20,DOGEBTC,5.1e-07,5.2e-07,5.0e-07,5.1e-07,522898.55,0.2677
2018-05-19,DOGEBTC,5.3e-07,5.3e-07,5.1e-07,5.1e-07,561885.49,0.2918
2018-05-18,DOGEBTC,5.1e-07,5.3e-07,4.9e-07,5.3e-07,686753.98,0.3513
2018-05-17,DOGEBTC,5.2e-07,5.4e-07,4.6e-07,5.1e-07,2100332.51,1.067
2018-05-16,DOGEBTC,5.4e-07,5.4e-07,5.2e-07,5.2e-07,954091.18,0.5085
2018-05-15,DOGEBTC,5.3e-07,5.4e-07,5.1e-07,5.4e-07,1115773.78,0.5871
2018-05-14,DOGEBTC,5.1e-07,5.3e-07,4.9e-07,5.3e-07,5180103.81,2.643
2018-05-13,DOGEBTC,5.1e-07,5.3e-07,5.0e-07,5.1e-07,705626.24,0.3633
2018-05-12,DOGEBTC,5.1e-07,5.2e-07,5.0e-07,5.1e-07,497140.7,0.255
2018-05-11,DOGEBTC,5.3e-07,5.4e-07,5.0e-07,5.1e-07,1251053.03,0.6458
2018-05-10,DOGEBTC,5.3e-07,5.4e-07,5.2e-07,5.3e-07,880589.07,0.471
2018-05-09,DOGEBTC,5.8e-07,5.8e-07,5.2e-07,5.3e-07,1091624.7,0.5946
2018-05-08,DOGEBTC,5.4e-07,5.8e-07,5.1e-07,5.8e-07,863262.44,0.4795
2018-05-07,DOGEBTC,5.3e-07,5.4e-07,5.0e-07,5.4e-07,543954.41,0.2799
2018-05-06,DOGEBTC,5.5e-07,5.5e-07,5.1e-07,5.3e-07,490202.29,0.2569
2018-05-05,DOGEBTC,5.4e-07,5.6e-07,5.2e-07,5.5e-07,245477.73,0.1321
2018-05-04,DOGEBTC,5.9e-07,5.9e-07,5.3e-07,5.4e-07,710426.27,0.3912
2018-05-03,DOGEBTC,5.7e-07,6.1e-07,5.7e-07,5.9e-07,429907.09,0.2529
2018-05-02,DOGEBTC,5.5e-07,6.0e-07,5.5e-07,5.7e-07,228058.99,0.1323
2018-05-01,DOGEBTC,5.7e-07,5.9e-07,5.5e-07,5.5e-07,615046.17,0.3463
2018-04-30,DOGEBTC,5.9e-07,6.1e-07,5.6e-07,5.7e-07,754976.74,0.443
2018-04-29,DOGEBTC,5.9e-07,6.0e-07,5.7e-07,5.9e-07,182465.93,0.1066
2018-04-28,DOGEBTC,6.2e-07,6.2e-07,5.8e-07,5.9e-07,490359.15,0.2961
2018-04-27,DOGEBTC,5.9e-07,6.3e-07,5.9e-07,6.2e-07,443526.42,0.2735
2018-04-26,DOGEBTC,5.9e-07,6.4e-07,5.6e-07,5.9e-07,126700.38,0.07558
2018-04-25,DOGEBTC,6.1e-07,6.2e-07,5.6e-07,5.9e-07,622242.03,0.36
2018-04-24,DOGEBTC,6.3e-07,6.5e-07,6.0e-07,6.1e-07,1091556.44,0.6686
2018-04-23,DOGEBTC,6.4e-07,6.7e-07,6.2e-07,6.3e-07,509907.66,0.323
2018-04-22,DOGEBTC,6.3e-07,6.7e-07,6.0e-07,6.4e-07,295959.01,0.1887
2018-04-21,DOGEBTC,6.8e-07,6.8e-07,5.9e-07,6.3e-07,715789.78,0.4563
2018-04-20,DOGEBTC,7.1e-07,7.1e-07,6.5e-07,6.8e-07,499717.96,0.3423
2018-04-19,DOGEBTC,6.7e-07,7.2e-07,6.6e-07,7.1e-07,1269691.99,0.8756
2018-04-18,DOGEBTC,6.0e-07,6.9e-07,5.9e-07,6.7e-07,954882.13,0.6194
2018-04-17,DOGEBTC,5.7e-07,6.3e-07,5.6e-07,6.0e-07,581023.91,0.3413
2018-04-16,DOGEBTC,5.5e-07,5.9e-07,5.4e-07,5.7e-07,791370.22,0.4509
2018-04-15,DOGEBTC,5.2e-07,5.8e-07,5.1e-07,5.5e-07,692030.04,0.3688
2018-04-14,DOGEBTC,5.5e-07,5.5e-07,5.0e-07,5.2e-07,220796.17,0.1141
2018-04-13,DOGEBTC,4.8e-07,5.7e-07,4.7e-07,5.5e-07,909496.25,0.4726
2018-04-12,DOGEBTC,4.8e-07,5.3e-07,4.5e-07,4.8e-07,1810580.58,0.8682
2018-04-11,DOGEBTC,4.3e-07,5.4e-07,4.3e-07,4.8e-07,1954146.39,0.9275
2018-04-10,DOGEBTC,4.0e-07,4.5e-07,4.0e-07,4.3e-07,1182168.33,0.4917
2018-04-09,DOGEBTC,4.1e-07,4.1e-07,4.0e-07,4.0e-07,1587549.51,0.648
2018-04-08,DOGEBTC,4.1e-07,4.1e-07,4.0e-07,4.1e-07,812426.99,0.3325
2018-04-07,DOGEBTC,4.0e-07,4.1e-07,4.0e-07,4.1e-07,775623.21,0.3144
2018-04-06,DOGEBTC,4.1e-07,4.1e-07,4.0e-07,4.0e-07,527475.33,0.2143
2018-04-05,DOGEBTC,3.9e-07,4.1e-07,3.9e-07,4.1e-07,526780.18,0.2124
2018-04-04,DOGEBTC,3.9e-07,4.1e-07,3.9e-07,3.9e-07,374386.79,0.1498
2018-04-03,DOGEBTC,4.0e-07,4.1e-07,3.9e-07,3.9e-07,1780794.47,0.7049
2018-04-02,DOGEBTC,3.9e-07,4.0e-07,3.8e-07,4.0e-07,729623.17,0.2878
2018-04-01,DOGEBTC,4.0e-07,4.1e-07,3.9e-07,3.9e-07,468586.86,0.1851
2018-03-31,DOGEBTC,3.9e-07,4.1e-07,3.8e-07,4.0e-07,1505288.83,0.5856
2018-03-30,DOGEBTC,3.8e-07,4.6e-07,3.8e-07,3.9e-07,1433766.25,0.5923
2018-03-29,DOGEBTC,3.9e-07,4.0e-07,3.8e-07,3.8e-07,701851.74,0.2766
2018-03-28,DOGEBTC,4.0e-07,4.0e-07,3.9e-07,3.9e-07,1030622.24,0.4066
2018-03-27,DOGEBTC,4.0e-07,4.1e-07,3.9e-07,4.0e-07,1203531.01,0.4739
2018-03-26,DOGEBTC,4.0e-07,4.1e-07,3.9e-07,4.0e-07,666875.17,0.2687
2018-03-25,DOGEBTC,4.1e-07,4.1e-07,3.9e-07,4.0e-07,869525.02,0.3521
2018-03-24,DOGEBTC,3.9e-07,4.2e-07,3.9e-07,4.1e-07,2509468.48,1.015
2018-03-23,DOGEBTC,4.1e-07,4.1e-07,3.9e-07,3.9e-07,1178000.69,0.4745
2018-03-22,DOGEBTC,4.2e-07,4.3e-07,4.0e-07,4.1e-07,1733711.43,0.7218
2018-03-21,DOGEBTC,4.0e-07,4.2e-07,4.0e-07,4.2e-07,1252277.64,0.514
2018-03-20,DOGEBTC,4.0e-07,4.2e-07,3.9e-07,4.0e-07,1077830.71,0.4371
2018-03-19,DOGEBTC,3.9e-07,4.3e-07,3.8e-07,4.0e-07,1583817.8,0.6372
2018-03-18,DOGEBTC,4.1e-07,4.2e-07,3.7e-07,3.9e-07,1035314.73,0.4124
2018-03-17,DOGEBTC,4.1e-07,4.3e-07,4.0e-07,4.1e-07,1119355.64,0.4652
2018-03-16,DOGEBTC,4.2e-07,4.4e-07,4.1e-07,4.1e-07,2335730.9,0.9897
2018-03-15,DOGEBTC,4.2e-07,4.5e-07,4.1e-07,4.2e-07,2127773.69,0.9061
2018-03-14,DOGEBTC,4.4e-07,4.5e-07,4.1e-07,4.2e-07,1182514.15,0.5062
2018-03-13,DOGEBTC,4.3e-07,4.5e-07,4.1e-07,4.4e-07,997211.87,0.427
2018-03-12,DOGEBTC,4.5e-07,4.5e-07,4.1e-07,4.3e-07,804404.31,0.3442
2018-03-11,DOGEBTC,4.4e-07,4.9e-07,4.1e-07,4.5e-07,1104375.81,0.4998
2018-03-10,DOGEBTC,4.3e-07,4.8e-07,4.1e-07,4.4e-07,744761.23,0.3293
2018-03-09,DOGEBTC,4.2e-07,4.7e-07,4.1e-07,4.3e-07,336787.94,0.1493
2018-03-08,DOGEBTC,4.0e-07,4.4e-07,3.8e-07,4.2e-07,605247.61,0.2535
2018-03-07,DOGEBTC,4.2e-07,4.5e-07,4.0e-07,4.0e-07,1217595.22,0.5104
2018-03-06,DOGEBTC,4.4e-07,4.5e-07,4.1e-07,4.2e-07,2580708.19,1.098
2018-03-05,DOGEBTC,4.8e-07,4.8e-07,4.2e-07,4.4e-07,2335803.32,1.063
2018-03-04,DOGEBTC,4.7e-07,4.9e-07,4.4e-07,4.8e-07,1239530.15,0.5778
2018-03-03,DOGEBTC,5.0e-07,5.3e-07,4.4e-07,4.7e-07,1382666.33,0.6601
2018-03-02,DOGEBTC,5.6e-07,5.8e-07,5.0e-07,5.0e-07,909414.53,0.4848
2018-03-01,DOGEBTC,5.7e-07,5.9e-07,5.6e-07,5.6e-07,996641.45,0.5685
2018-02-28,DOGEBTC,5.9e-07,6.0e-07,5.7e-07,5.7e-07,809523.23,0.4722
2018-02-27,DOGEBTC,6.1e-07,6.3e-07,5.9e-07,5.9e-07,1278371.91,0.7692
2018-02-26,DOGEBTC,6.3e-07,6.4e-07,6.1e-07,6.1e-07,1202948.44,0.7456
2018-02-25,DOGEBTC,6.5e-07,6.5e-07,6.3e-07,6.3e-07,574448.1,0.3664
2018-02-24,DOGEBTC,6.4e-07,6.6e-07,6.3e-07,6.5e-07,692209.92,0.4455
2018-02-23,DOGEBTC,6.4e-07,7.0e-07,6.0e-07,6.4e-07,1800101.41,1.141
2018-02-22,DOGEBTC,6.1e-07,6.4e-07,6.0e-07,6.4e-07,824388.04,0.5077
2018-02-21,DOGEBTC,6.4e-07,6.7e-07,6.1e-07,6.1e-07,340608.9,0.2166
2018-02-20,DOGEBTC,6.2e-07,6.9e-07,5.5e-07,6.4e-07,1456511.27,0.9124
2018-02-19,DOGEBTC,6.3e-07,6.4e-07,5.8e-07,6.2e-07,674916.57,0.4179
2018-02-18,DOGEBTC,6.4e-07,6.5e-07,6.0e-07,6.3e-07,289802.23,0.1804
2018-02-17,DOGEBTC,7.0e-07,7.0e-07,6.1e-07,6.4e-07,711850.84,0.4657
2018-02-16,DOGEBTC,7.0e-07,7.4e-07,6.6e-07,7.0e-07,1401530.6,0.9675
2018-02-15,DOGEBTC,7.2e-07,8.0e-07,7.0e-07,7.0e-07,1025673.02,0.7792
2018-02-14,DOGEBTC,6.6e-07,7.5e-07,6.5e-07,7.2e-07,1335721.14,0.9388
2018-02-13,DOGEBTC,6.1e-07,6.6e-07,6.1e-07,6.6e-07,890727.59,0.5549
2018-02-12,DOGEBTC,6.1e-07,6.2e-07,6.0e-07,6.1e-07,710814.88,0.4307
2018-02-11,DOGEBTC,6.0e-07,6.2e-07,5.8e-07,6.1e-07,908101.33,0.5415
2018-02-10,DOGEBTC,5.7e-07,6.1e-07,5.6e-07,6.0e-07,1518230.5,0.9056
2018-02-09,DOGEBTC,5.5e-07,5.8e-07,5.4e-07,5.7e-07,452177.97,0.2526
2018-02-08,DOGEBTC,5.8e-07,5.8e-07,5.4e-07,5.5e-07,450236.57,0.2536
2018-02-07,DOGEBTC,5.6e-07,5.8e-07,5.3e-07,5.8e-07,688115.23,0.3843
2018-02-06,DOGEBTC,4.9e-07,6.0e-07,4.9e-07,5.6e-07,908537.55,0.4962
2018-02-05,DOGEBTC,5.2e-07,5.4e-07,4.9e-07,4.9e-07,740569.25,0.3838
2018-02-04,DOGEBTC,5.4e-07,5.8e-07,5.2e-07,5.2e-07,669823.47,0.368
2018-02-03,DOGEBTC,5.2e-07,6.0e-07,4.7e-07,5.4e-07,1286440.49,0.6939
2018-02-02,DOGEBTC,5.6e-07,5.6e-07,4.4e-07,5.2e-07,1145328.58,0.5804
2018-02-01,DOGEBTC,5.8e-07,6.1e-07,5.4e-07,5.6e-07,1771183.84,1.031
2018-01-31,DOGEBTC,6.1e-07,6.1e-07,5.7e-07,5.8e-07,532833.53,0.3149
2018-01-30,DOGEBTC,6.1e-07,6.3e-07,5.9e-07,6.1e-07,874141.36,0.5324
2018-01-29,DOGEBTC,6.2e-07,6.4e-07,6.1e-07,6.1e-07,820370.65,0.5153
2018-01-28,DOGEBTC,6.6e-07,6.6e-07,6.2e-07,6.2e-07,2812424.89,1.786
2018-01-27,DOGEBTC,6.5e-07,6.7e-07,6.3e-07,6.6e-07,871570.32,0.5707
2018-01-26,DOGEBTC,6.8e-07,6.9e-07,6.2e-07,6.5e-07,1459514.12,0.9522
2018-01-25,DOGEBTC,6.3e-07,7.0e-07,6.0e-07,6.8e-07,4206116.8,2.741
2018-01-24,DOGEBTC,6.1e-07,6.4e-07,5.7e-07,6.3e-07,1523789.22,0.9357
2018-01-23,DOGEBTC,6.1e-07,6.4e-07,5.9e-07,6.1e-07,818672.34,0.4935
2018-01-22,DOGEBTC,6.1e-07,6.5e-07,6.0e-07,6.1e-07,815487.95,0.5058
2018-01-21,DOGEBTC,6.3e-07,6.7e-07,6.1e-07,6.1e-07,353440.15,0.2233
2018-01-20,DOGEBTC,6.9e-07,6.9e-07,5.7e-07,6.3e-07,1825393.82,1.167
2018-01-19,DOGEBTC,6.8e-07,7.4e-07,6.4e-07,6.9e-07,1174180.23,0.8088
2018-01-18,DOGEBTC,6.7e-07,7.5e-07,6.7e-07,6.8e-07,1924273.46,1.335
2018-01-17,DOGEBTC,5.4e-07,7.2e-07,5.4e-07,6.7e-07,782066.11,0.474
2018-01-16,DOGEBTC,7.3e-07,7.8e-07,5.4e-07,5.4e-07,1078521.81,0.7327
2018-01-15,DOGEBTC,8.4e-07,8.5e-07,7.2e-07,7.3e-07,699837.19,0.5462
2018-01-14,DOGEBTC,8.7e-07,8.8e-07,7.9e-07,8.4e-07,563034.25,0.4743
2018-01-13,DOGEBTC,9.3e-07,9.3e-07,8.7e-07,8.7e-07,769768.26,0.6869
2018-01-12,DOGEBTC,8.3e-07,9.4e-07,8.3e-07,9.3e-07,1230375.35,1.096
2018-01-11,DOGEBTC,9.1e-07,9.1e-07,8.0e-07,8.3e-07,1056670.81,0.9044
2018-01-10,DOGEBTC,9.1e-07,9.8e-07,8.4e-07,9.1e-07,1096542.75,0.9743
2018-01-09,DOGEBTC,1.01e-06,1.08e-06,9.0e-07,9.1e-07,1348564.11,1.348
2018-01-08,DOGEBTC,1.03e-06,1.17e-06,1.0e-06,1.01e-06,1521964.29,1.649
2018-01-07,DOGEBTC,8.9e-07,1.17e-06,8.5e-07,1.03e-06,2491666.92,2.546
2018-01-06,DOGEBTC,6.6e-07,9.5e-07,6.6e-07,8.9e-07,3504719.03,2.975
2018-01-05,DOGEBTC,6.4e-07,6.9e-07,6.3e-07,6.6e-07,511148.83,0.3379
2018-01-04,DOGEBTC,6.3e-07,7.0e-07,5.8e-07,6.4e-07,1567509.32,1.01
2018-01-03,DOGEBTC,6.1e-07,6.3e-07,5.8e-07,6.3e-07,718739.27,0.4336
2018-01-02,DOGEBTC,6.7e-07,7.0e-07,5.8e-07,6.1e-07,1096773.03,0.7117
2018-01-01,DOGEBTC,6.3e-07,6.7e-07,6.2e-07,6.7e-07,625208.49,0.4041
2017-12-31,DOGEBTC,6.2e-07,6.7e-07,5.8e-07,6.3e-07,912049.87,0.5706
2017-12-30,DOGEBTC,6.9e-07,7.0e-07,5.9e-07,6.2e-07,513670.2,0.3145
2017-12-29,DOGEBTC,5.6e-07,7.0e-07,5.6e-07,6.9e-07,1070452.46,0.6448
2017-12-28,DOGEBTC,6.0e-07,6.0e-07,5.3e-07,5.6e-07,669706.82,0.3733
2017-12-27,DOGEBTC,6.0e-07,6.2e-07,5.4e-07,6.0e-07,773571.43,0.4578
2017-12-26,DOGEBTC,6.4e-07,6.9e-07,5.2e-07,6.0e-07,3099008.71,1.855
2017-12-25,DOGEBTC,6.1e-07,7.5e-07,5.9e-07,6.4e-07,1920920.36,1.325
2017-12-24,DOGEBTC,5.0e-07,6.8e-07,4.6e-07,6.1e-07,1789484.9,1.022
2017-12-23,DOGEBTC,4.4e-07,5.1e-07,4.3e-07,5.0e-07,1741890.8,0.8479
2017-12-22,DOGEBTC,4.8e-07,5.1e-07,4.0e-07,4.4e-07,1769002.06,0.7666
2017-12-21,DOGEBTC,4.1e-07,5.2e-07,3.9e-07,4.8e-07,1311731.64,0.6199
2017-12-20,DOGEBTC,3.1e-07,4.2e-07,2.9e-07,4.1e-07,950426.39,0.3286
2017-12-19,DOGEBTC,3.5e-07,3.5e-07,3.1e-07,3.1e-07,328952.47,0.1089
2017-12-18,DOGEBTC,2.7e-07,3.5e-07,2.7e-07,3.5e-07,946153.94,0.3127
2017-12-17,DOGEBTC,2.9e-07,4.2e-07,2.7e-07,2.7e-07,2120641.36,0.7555
2017-12-16,DOGEBTC,2.0e-07,3.5e-07,2.0e-07,2.9e-07,2481643.67,0.6718
2017-12-15,DOGEBTC,2.3e-07,2.3e-07,1.9e-07,2.0e-07,1034537.36,0.2063
2017-12-14,DOGEBTC,2.1e-07,2.4e-07,2.0e-07,2.3e-07,1503063.78,0.3231
2017-12-13,DOGEBTC,1.8e-07,1.8e-07,1.8e-07,1.8e-07,0.0,0.0
2017-12-12,DOGEBTC,1.6e-07,1.8e-07,1.6e-07,1.8e-07,944.79,0.0001701
2017-12-11,DOGEBTC,1.7e-07,1.7e-07,1.6e-07,1.6e-07,21269.97,0.003524
2017-12-10,DOGEBTC,1.7e-07,1.8e-07,1.6e-07,1.7e-07,133485.95,0.02225
2017-12-09,DOGEBTC,1.7e-07,1.8e-07,1.7e-07,1.7e-07,281084.97,0.04825
2017-12-08,DOGEBTC,1.6e-07,1.7e-07,1.5e-07,1.7e-07,941665.77,0.1461
2017-12-07,DOGEBTC,1.8e-07,1.9e-07,1.6e-07,1.6e-07,596424.66,0.107
2017-12-06,DOGEBTC,2.0e-07,2.1e-07,1.8e-07,1.8e-07,494288.54,0.09761
2017-12-05,DOGEBTC,2.0e-07,2.3e-07,2.0e-07,2.0e-07,414113.05,0.09025
2017-12-04,DOGEBTC,2.0e-07,2.2e-07,1.8e-07,2.0e-07,695200.93,0.1375
2017-12-03,DOGEBTC,2.0e-07,2.2e-07,1.8e-07,2.0e-07,1218464.68,0.2434
2017-12-02,DOGEBTC,1.9e-07,2.1e-07,1.9e-07,2.0e-07,582077.37,0.1164
2017-12-01,DOGEBTC,2.0e-07,2.3e-07,1.9e-07,1.9e-07,1675691.13,0.3361
2017-11-30,DOGEBTC,2.2e-07,2.2e-07,2.0e-07,2.0e-07,171357.66,0.03536
2017-11-29,DOGEBTC,2.4e-07,2.4e-07,2.2e-07,2.2e-07,341781.2,0.07656
2017-11-28,DOGEBTC,2.0e-07,2.4e-07,1.9e-07,2.4e-07,236332.46,0.04997
2017-11-27,DOGEBTC,1.8e-07,2.1e-07,1.8e-07,2.0e-07,82096.45,0.01652
2017-11-26,DOGEBTC,2.4e-07,2.4e-07,1.8e-07,1.8e-07,193103.45,0.04161
2017-11-25,DOGEBTC,2.3e-07,2.4e-07,2.2e-07,2.4e-07,738438.81,0.1701
2017-11-24,DOGEBTC,2.5e-07,2.5e-07,2.3e-07,2.3e-07,397807.45,0.0928
2017-11-23,DOGEBTC,2.4e-07,2.8e-07,1.9e-07,2.5e-07,2314113.98,0.5585
2017-11-22,DOGEBTC,1.8e-07,2.4e-07,1.6e-07,2.4e-07,1232702.28,0.2294
2017-11-21,DOGEBTC,1.6e-07,1.9e-07,1.6e-07,1.8e-07,1858495.14,0.3205
2017-11-20,DOGEBTC,1.8e-07,1.9e-07,1.4e-07,1.6e-07,3536071.18,0.5936
2017-11-19,DOGEBTC,1.8e-07,1.8e-07,1.7e-07,1.8e-07,415139.79,0.07272
2017-11-18,DOGEBTC,1.7e-07,1.8e-07,1.7e-07,1.8e-07,45976.56,0.008268
2017-11-17,DOGEBTC,1.9e-07,1.9e-07,1.7e-07,1.7e-07,214170.77,0.03677
2017-11-16,DOGEBTC,1.7e-07,1.9e-07,1.7e-07,1.7e-07,405291.57,0.07134
2017-11-15,DOGEBTC,1.9e-07,1.9e-07,1.7e-07,1.7e-07,115054.19,0.02055
2017-11-14,DOGEBTC,1.8e-07,1.9e-07,1.7e-07,1.9e-07,774766.81,0.1386
2017-11-13,DOGEBTC,1.7e-07,1.8e-07,1.6e-07,1.8e-07,406189.1,0.07094
2017-11-12,DOGEBTC,1.7e-07,1.9e-07,1.7e-07,1.7e-07,653536.09,0.114
2017-11-11,DOGEBTC,1.7e-07,1.9e-07,1.7e-07,1.7e-07,292778.39,0.05309
2017-11-10,DOGEBTC,1.8e-07,1.9e-07,1.7e-07,1.7e-07,528624.67,0.09593
2017-11-09,DOGEBTC,1.6e-07,1.8e-07,1.5e-07,1.8e-07,821950.02,0.1362
2017-11-08,DOGEBTC,1.7e-07,1.7e-07,1.5e-07,1.6e-07,416836.53,0.06691
2017-11-07,DOGEBTC,1.7e-07,1.7e-07,1.6e-07,1.7e-07,608698.36,0.09895
2017-11-06,DOGEBTC,1.7e-07,1.7e-07,1.5e-07,1.7e-07,274745.0,0.044
2017-11-05,DOGEBTC,1.6e-07,1.7e-07,1.5e-07,1.7e-07,1506223.4,0.2346
2017-11-04,DOGEBTC,1.7e-07,1.7e-07,1.5e-07,1.6e-07,770474.62,0.122
2017-11-03,DOGEBTC,1.6e-07,1.7e-07,1.5e-07,1.7e-07,1376777.63,0.2101
2017-11-02,DOGEBTC,1.7e-07,1.7e-07,1.5e-07,1.6e-07,556967.39,0.08792
2017-11-01,DOGEBTC,1.9e-07,1.9e-07,1.6e-07,1.7e-07,94514.46,0.01618
2017-10-31,DOGEBTC,1.9e-07,1.9e-07,1.8e-07,1.9e-07,149206.91,0.02743
2017-10-30,DOGEBTC,1.9e-07,1.9e-07,1.6e-07,1.9e-07,7720917.19,1.251
2017-10-29,DOGEBTC,1.7e-07,1.9e-07,1.7e-07,1.9e-07,805714.6,0.1473
2017-10-28,DOGEBTC,1.7e-07,1.9e-07,1.7e-07,1.7e-07,46570.93,0.008071
2017-10-27,DOGEBTC,1.7e-07,1.9e-07,1.7e-07,1.7e-07,99279.44,0.01824
2017-10-26,DOGEBTC,1.7e-07,1.9e-07,1.6e-07,1.7e-07,116104.56,0.01968
2017-10-25,DOGEBTC,2.0e-07,2.0e-07,1.7e-07,1.7e-07,113011.37,0.02028
2017-10-24,DOGEBTC,1.7e-07,2.0e-07,1.6e-07,2.0e-07,480238.1,0.0869
2017-10-23,DOGEBTC,1.6e-07,1.9e-07,1.6e-07,1.7e-07,278291.74,0.04665
2017-10-22,DOGEBTC,1.8e-07,1.9e-07,1.6e-07,1.6e-07,84010.8,0.01458
2017-10-21,DOGEBTC,1.9e-07,2.0e-07,1.6e-07,1.8e-07,438346.79,0.08142
2017-10-20,DOGEBTC,1.8e-07,2.0e-07,1.7e-07,1.9e-07,170670.25,0.03151
2017-10-19,DOGEBTC,1.9e-07,2.0e-07,1.8e-07,1.8e-07,450499.37,0.08136
2017-10-18,DOGEBTC,2.0e-07,2.1e-07,1.9e-07,1.9e-07,245266.94,0.04744
2017-10-17,DOGEBTC,2.2e-07,2.2e-07,1.9e-07,2.0e-07,155321.88,0.02995
2017-10-16,DOGEBTC,2.2e-07,2.2e-07,1.8e-07,2.2e-07,101617.8,0.02039
2017-10-15,DOGEBTC,1.9e-07,2.2e-07,1.8e-07,2.2e-07,148927.4,0.029
2017-10-14,DOGEBTC,2.0e-07,2.0e-07,1.8e-07,1.9e-07,46050.41,0.008742
2017-10-13,DOGEBTC,2.1e-07,2.1e-07,1.7e-07,2.0e-07,673669.82,0.1234
2017-10-12,DOGEBTC,2.2e-07,2.2e-07,1.9e-07,2.1e-07,296356.27,0.05703
2017-10-11,DOGEBTC,2.0e-07,2.2e-07,2.0e-07,2.2e-07,373457.42,0.07822
2017-10-10,DOGEBTC,2.1e-07,2.3e-07,1.8e-07,2.0e-07,498906.73,0.1022
2017-10-09,DOGEBTC,2.4e-07,2.4e-07,2.1e-07,2.1e-07,249794.94,0.0559
2017-10-08,DOGEBTC,2.3e-07,2.4e-07,2.2e-07,2.4e-07,151320.54,0.03562
2017-10-07,DOGEBTC,2.5e-07,2.5e-07,2.3e-07,2.3e-07,122405.87,0.02901
2017-10-06,DOGEBTC,2.2e-07,2.9e-07,2.2e-07,2.5e-07,431022.96,0.1044
2017-10-05,DOGEBTC,2.2e-07,2.9e-07,2.1e-07,2.2e-07,236774.76,0.05636
2017-10-04,DOGEBTC,2.5e-07,2.5e-07,1.7e-07,2.2e-07,229969.96,0.05027
2017-10-03,DOGEBTC,2.4e-07,2.5e-07,2.3e-07,2.5e-07,128880.16,0.03076
2017-10-02,DOGEBTC,2.3e-07,2.6e-07,2.3e-07,2.4e-07,539947.8,0.1338
2017-10-01,DOGEBTC,2.6e-07,2.8e-07,2.0e-07,2.3e-07,184158.89,0.04456
2017-09-30,DOGEBTC,2.4e-07,2.9e-07,2.4e-07,2.6e-07,601384.11,0.1473
2017-09-29,DOGEBTC,2.6e-07,2.6e-07,2.4e-07,2.4e-07,328151.36,0.08203
2017-09-28,DOGEBTC,3.2e-07,3.6e-07,2.6e-07,2.6e-07,24274.2,0.007187
2017-09-27,DOGEBTC,3.0e-07,3.2e-07,3.0e-07,3.2e-07,6263.78,0.002004
2017-09-26,DOGEBTC,2.8e-07,3.0e-07,2.6e-07,3.0e-07,185219.81,0.05309
2017-09-25,DOGEBTC,2.5e-07,2.8e-07,2.3e-07,2.8e-07,147591.89,0.03596
2017-09-24,DOGEBTC,2.5e-07,2.5e-07,2.5e-07,2.5e-07,1000.0,0.00025
2017-09-23,DOGEBTC,2.1e-07,2.5e-07,2.1e-07,2.5e-07,10523.6,0.002421
2017-09-22,DOGEBTC,2.2e-07,2.2e-07,2.1e-07,2.1e-07,30000.0,0.0063
2017-09-21,DOGEBTC,2.2e-07,2.2e-07,2.2e-07,2.2e-07,0.0,0.0
2017-09-20,DOGEBTC,2.5e-07,2.5e-07,2.2e-07,2.2e-07,35117.12,0.007931
2017-09-19,DOGEBTC,2.5e-07,2.5e-07,2.3e-07,2.5e-07,3143.21,0.0007461
2017-09-18,DOGEBTC,2.4e-07,2.5e-07,2.3e-07,2.5e-07,11362.02,0.00264
2017-09-17,DOGEBTC,3.8e-07,3.8e-07,2.4e-07,2.4e-07,10698.36,0.002808
2017-09-16,DOGEBTC,2.4e-07,3.8e-07,2.4e-07,3.8e-07,26145.51,0.007095
2017-09-15,DOGEBTC,3.3e-07,3.5e-07,2.4e-07,2.4e-07,25090.06,0.007559
2017-09-14,DOGEBTC,4.1e-07,4.1e-07,3.3e-07,3.3e-07,10603.92,0.003511
2017-09-13,DOGEBTC,3.5e-07,4.1e-07,3.5e-07,4.1e-07,8503.27,0.003376
2017-09-12,DOGEBTC,3.9e-07,4.1e-07,3.5e-07,3.5e-07,14477.3,0.005281
2017-09-11,DOGEBTC,3.9e-07,3.9e-07,3.5e-07,3.9e-07,16438.45,0.00597
2017-09-10,DOGEBTC,4.1e-07,4.1e-07,3.7e-07,3.9e-07,14654.92,0.005763
2017-09-09,DOGEBTC,4.1e-07,4.1e-07,4.1e-07,4.1e-07,5602.1,0.002297
2017-09-08,DOGEBTC,5.1e-07,5.1e-07,4.1e-07,4.1e-07,2685.66,0.001188
2017-09-07,DOGEBTC,5.1e-07,5.1e-07,5.1e-07,5.1e-07,2129.54,0.001086
2017-09-06,DOGEBTC,4.2e-07,5.1e-07,4.2e-07,5.1e-07,455.07,0.0002298
2017-09-05,DOGEBTC,4.3e-07,4.3e-07,4.2e-07,4.2e-07,2281.89,0.0009592
2017-09-04,DOGEBTC,4.5e-07,5.4e-07,4.3e-07,4.3e-07,14275.59,0.006188
2017-09-03,DOGEBTC,4.3e-07,5.4e-07,4.3e-07,4.5e-07,7228.74,0.003629
2017-09-02,DOGEBTC,4.9e-07,5.2e-07,4.3e-07,4.3e-07,31052.92,0.01513
2017-09-01,DOGEBTC,4.2e-07,4.9e-07,4.2e-07,4.9e-07,15663.46,0.007199
2017-08-31,DOGEBTC,4.7e-07,4.7e-07,4.0e-07,4.2e-07,10629.16,0.004694
2017-08-30,DOGEBTC,4.1e-07,4.7e-07,4.1e-07,4.7e-07,20216.42,0.009171
2017-08-29,DOGEBTC,4.0e-07,4.1e-07,3.8e-07,4.1e-07,301284.67,0.1235
2017-08-28,DOGEBTC,5.5e-07,5.5e-07,3.4e-07,4.0e-07,32491.49,0.01327
2017-08-27,DOGEBTC,3.3e-07,5.9e-07,3.2e-07,5.5e-07,15123.63,0.006702
2017-08-26,DOGEBTC,4.0e-07,4.6e-07,3.3e-07,3.3e-07,7215.3,0.002847
2017-08-25,DOGEBTC,4.5e-07,5.5e-07,2.7e-07,4.0e-07,69335.37,0.02711
2017-08-24,DOGEBTC,3.9e-07,4.5e-07,3.9e-07,4.5e-07,13849.79,0.006102
2017-08-23,DOGEBTC,4.1e-07,4.3e-07,3.9e-07,3.9e-07,8152.54,0.003356
2017-08-22,DOGEBTC,4.5e-07,4.5e-07,4.1e-07,4.1e-07,404.91,0.000166
2017-08-21,DOGEBTC,4.5e-07,4.5e-07,4.5e-07,4.5e-07,404.23,0.0001819
2017-08-20,DOGEBTC,4.2e-07,4.5e-07,4.2e-07,4.5e-07,28518.91,0.01266
2017-08-19,DOGEBTC,4.1e-07,4.3e-07,4.1e-07,4.2e-07,8928.77,0.003763
2017-08-18,DOGEBTC,4.4e-07,4.4e-07,2.9e-07,4.1e-07,38707.39,0.01518
2017-08-17,DOGEBTC,4.0e-07,4.4e-07,4.0e-07,4.4e-07,14652.94,0.005969
2017-08-16,DOGEBTC,4.0e-07,4.5e-07,4.0e-07,4.0e-07,3163.26,0.001346
2017-08-15,DOGEBTC,5.3e-07,7.4e-07,2.9e-07,4.0e-07,352442.83,0.142
2017-08-14,DOGEBTC,5.3e-07,5.3e-07,5.3e-07,5.3e-07,3901.86,0.002068
2017-08-13,DOGEBTC,4.5e-07,5.3e-07,4.5e-07,5.3e-07,2000.0,0.0009184
2017-08-12,DOGEBTC,5.5e-07,5.5e-07,4.5e-07,4.5e-07,11301.07,0.005648
2017-08-11,DOGEBTC,6.1e-07,7.7e-07,5.5e-07,5.5e-07,5359.24,0.003085
2017-08-10,DOGEBTC,6.1e-07,6.1e-07,6.1e-07,6.1e-07,0.0,0.0
2017-08-09,DOGEBTC,5.7e-07,6.1e-07,5.6e-07,6.1e-07,4607.51,0.002596
2017-08-08,DOGEBTC,7.8e-07,7.8e-07,5.6e-07,5.7e-07,15899.45,0.008927
2017-08-07,DOGEBTC,6.3e-07,7.8e-07,5.9e-07,7.8e-07,1524.53,0.0009683
2017-08-06,DOGEBTC,6.8e-07,7.8e-07,6.3e-07,6.3e-07,12376.17,0.008398
2017-08-05,DOGEBTC,6.8e-07,6.8e-07,6.8e-07,6.8e-07,0.0,0.0
2017-08-04,DOGEBTC,6.5e-07,6.8e-07,6.5e-07,6.8e-07,7542.92,0.00507
2017-08-03,DOGEBTC,6.5e-07,6.5e-07,6.5e-07,6.5e-07,0.0,0.0
2017-08-02,DOGEBTC,6.5e-07,6.5e-07,6.5e-07,6.5e-07,100.0,6.5e-05
2017-08-01,DOGEBTC,7.8e-07,7.8e-07,6.5e-07,6.5e-07,1500.0,0.000975
2017-07-31,DOGEBTC,6.4e-07,7.8e-07,6.0e-07,7.8e-07,27535.77,0.01888
2017-07-30,DOGEBTC,7.1e-07,7.1e-07,6.3e-07,6.4e-07,1899.96,0.001216
2017-07-29,DOGEBTC,7.1e-07,7.1e-07,7.1e-07,7.1e-07,0.0,0.0
2017-07-28,DOGEBTC,7.4e-07,7.4e-07,6.6e-07,7.1e-07,22328.78,0.01557
2017-07-27,DOGEBTC,6.7e-07,6.7e-07,6.7e-07,6.7e-07,0.0,0.0
2017-07-26,DOGEBTC,6.7e-07,6.7e-07,6.7e-07,6.7e-07,0.0,0.0
2017-07-25,DOGEBTC,7.8e-07,7.8e-07,6.7e-07,6.7e-07,14650.57,0.009852
2017-07-24,DOGEBTC,7.8e-07,7.8e-07,7.8e-07,7.8e-07,0.0,0.0
2017-07-23,DOGEBTC,8.0e-07,8.1e-07,7.8e-07,7.8e-07,7089.36,0.005628
2017-07-22,DOGEBTC,7.9e-07,8.0e-07,7.7e-07,8.0e-07,3873.2,0.00304
2017-07-21,DOGEBTC,7.9e-07,7.9e-07,7.9e-07,7.9e-07,0.0,0.0
2017-07-20,DOGEBTC,8.0e-07,8.1e-07,7.5e-07,7.9e-07,4063.38,0.003168
2017-07-19,DOGEBTC,7.2e-07,8.0e-07,7.2e-07,8.0e-07,29457.69,0.02356
2017-07-18,DOGEBTC,6.2e-07,7.2e-07,6.2e-07,7.2e-07,7987.84,0.005662
2017-07-17,DOGEBTC,6.1e-07,6.4e-07,6.0e-07,6.2e-07,6535.99,0.004072
2017-07-16,DOGEBTC,7.0e-07,7.0e-07,6.1e-07,6.1e-07,3499.0,0.002134
2017-07-15,DOGEBTC,7.1e-07,7.1e-07,7.0e-07,7.0e-07,1675.17,0.001181
2017-07-14,DOGEBTC,8.1e-07,8.1e-07,7.1e-07,7.1e-07,9308.55,0.006629
2017-07-13,DOGEBTC,6.0e-07,9.3e-07,6.0e-07,8.1e-07,3693.14,0.003069
2017-07-12,DOGEBTC,8.9e-07,8.9e-07,6.0e-07,6.0e-07,3058.22,0.001887
2017-07-11,DOGEBTC,9.4e-07,9.4e-07,8.9e-07,8.9e-07,2102.0,0.001946
2017-07-10,DOGEBTC,9.4e-07,9.4e-07,9.4e-07,9.4e-07,96748.45,0.09094
2017-07-09,DOGEBTC,1.08e-06,1.08e-06,9.4e-07,9.4e-07,1197.5,0.001126
2017-07-08,DOGEBTC,9.1e-07,1.12e-06,9.1e-07,1.08e-06,38292.03,0.04153
2017-07-07,DOGEBTC,1.11e-06,1.13e-06,9.1e-07,9.1e-07,38749.46,0.03601
2017-07-06,DOGEBTC,1.1e-06,1.11e-06,8.5e-07,1.11e-06,8486.05,0.008273
2017-07-05,DOGEBTC,9.8e-07,1.1e-06,9.8e-07,1.1e-06,3985.24,0.004251
2017-07-04,DOGEBTC,8.0e-07,9.8e-07,8.0e-07,9.8e-07,5220.65,0.005116
2017-07-03,DOGEBTC,1.05e-06,1.07e-06,8.0e-07,8.0e-07,18018.88,0.01561
2017-07-02,DOGEBTC,9.3e-07,1.05e-06,9.3e-07,1.05e-06,25586.6,0.02627
2017-07-01,DOGEBTC,1.13e-06,1.13e-06,9.3e-07,9.3e-07,19161.08,0.021
2017-06-30,DOGEBTC,1.14e-06,1.14e-06,1.1e-06,1.13e-06,11929.84,0.01345
2017-06-29,DOGEBTC,1.15e-06,1.15e-06,1.05e-06,1.14e-06,19271.07,0.02204
2017-06-28,DOGEBTC,1.06e-06,1.15e-06,1.05e-06,1.15e-06,3715.29,0.004263
2017-06-27,DOGEBTC,1.05e-06,1.06e-06,1.05e-06,1.06e-06,155.59,0.0001649
2017-06-26,DOGEBTC,1.78e-06,1.78e-06,1.05e-06,1.05e-06,15088.29,0.01593
2017-06-25,DOGEBTC,1.78e-06,1.78e-06,1.78e-06,1.78e-06,0.0,0.0
2017-06-24,DOGEBTC,1.79e-06,1.79e-06,1.78e-06,1.78e-06,300.0,0.000534
2017-06-23,DOGEBTC,1.0e-06,1.79e-06,1.0e-06,1.79e-06,4045.14,0.007241
2017-06-22,DOGEBTC,1.01e-06,1.08e-06,9.9e-07,1.0e-06,18181.24,0.01826
2017-06-21,DOGEBTC,1.01e-06,1.37e-06,1.01e-06,1.01e-06,2585.04,0.002816
2017-06-20,DOGEBTC,1.06e-06,1.06e-06,1.0e-06,1.01e-06,16180.37,0.01649
2017-06-19,DOGEBTC,1.86e-06,1.86e-06,1.06e-06,1.06e-06,362.13,0.0003839
2017-06-18,DOGEBTC,1.01e-06,1.86e-06,1.01e-06,1.86e-06,2388.24,0.004352
2017-06-17,DOGEBTC,1.0e-06,1.99e-06,1.0e-06,1.99e-06,34524.56,0.04072
2017-06-16,DOGEBTC,1.2e-06,1.2e-06,1.0e-06,1.0e-06,122851.1,0.1474
2017-06-15,DOGEBTC,7.0e-07,1.2e-06,7.0e-07,1.2e-06,23187.34,0.02782
2017-06-14,DOGEBTC,1.5e-06,1.5e-06,7.0e-07,7.0e-07,574.87,0.0004024
2017-06-13,DOGEBTC,1.5e-06,1.5e-06,1.5e-06,1.5e-06,0.0,0.0
2017-06-12,DOGEBTC,1.5e-06,1.5e-06,1.5e-06,1.5e-06,0.0,0.0
2017-06-11,DOGEBTC,1.5e-06,1.5e-06,1.5e-06,1.5e-06,0.0,0.0
2017-06-10,DOGEBTC,1.5e-06,1.5e-06,1.5e-06,1.5e-06,111.0,0.0001665
2017-06-09,DOGEBTC,2.0e-06,2.0e-06,1.5e-06,1.5e-06,1000.0,0.0015
2017-06-08,DOGEBTC,2.0e-06,2.0e-06,2.0e-06,2.0e-06,0.0,0.0
2017-06-07,DOGEBTC,2.0e-06,2.0e-06,2.0e-06,2.0e-06,0.0,0.0
2017-06-06,DOGEBTC,2.0e-06,2.0e-06,2.0e-06,2.0e-06,0.0,0.0
2017-06-05,DOGEBTC,8.0e-07,2.0e-06,8.0e-07,2.0e-06,4527.17,0.009054
2017-06-04,DOGEBTC,8.0e-07,8.0e-07,8.0e-07,8.0e-07,0.0,0.0
2017-06-03,DOGEBTC,1.0e-06,1.0e-06,8.0e-07,8.0e-07,1349.77,0.00115
2017-06-02,DOGEBTC,1.0e-06,1.0e-06,1.0e-06,1.0e-06,0.0,0.0
2017-06-01,DOGEBTC,1.0e-06,1.0e-06,1.0e-06,1.0e-06,0.0,0.0
2017-05-31,DOGEBTC,1.0e-06,1.0e-06,1.0e-06,1.0e-06,0.0,0.0
2017-05-30,DOGEBTC,1.0e-06,1.0e-06,1.0e-06,1.0e-06,0.0,0.0
2017-05-29,DOGEBTC,1.0e-06,1.0e-06,1.0e-06,1.0e-06,0.0,0.0
2017-05-28,DOGEBTC,1.0e-06,1.0e-06,1.0e-06,1.0e-06,0.0,0.0
2017-05-27,DOGEBTC,1.0e-06,1.0e-06,1.0e-06,1.0e-06,0.0,0.0
2017-05-26,DOGEBTC,1.0e-06,1.0e-06,1.0e-06,1.0e-06,0.0,0.0
2017-05-25,DOGEBTC,1.0e-06,1.0e-06,1.0e-06,1.0e-06,0.0,0.0
2017-05-24,DOGEBTC,1.0e-06,1.0e-06,1.0e-06,1.0e-06,0.0,0.0
2017-05-23,DOGEBTC,1.0e-06,1.0e-06,1.0e-06,1.0e-06,0.0,0.0
2017-05-22,DOGEBTC,1.0e-06,1.0e-06,1.0e-06,1.0e-06,0.0,0.0
2017-05-21,DOGEBTC,6.4e-07,1.0e-06,6.4e-07,1.0e-06,19288.7,0.01793
2017-05-20,DOGEBTC,6.4e-07,6.4e-07,6.4e-07,6.4e-07,0.0,0.0
2017-05-19,DOGEBTC,6.4e-07,6.4e-07,6.4e-07,6.4e-07,0.0,0.0
2017-05-18,DOGEBTC,6.4e-07,6.4e-07,6.4e-07,6.4e-07,0.0,0.0
2017-05-17,DOGEBTC,6.4e-07,6.4e-07,6.4e-07,6.4e-07,0.0,0.0
2017-05-16,DOGEBTC,6.4e-07,6.4e-07,6.4e-07,6.4e-07,0.0,0.0
2017-05-15,DOGEBTC,6.4e-07,6.4e-07,6.4e-07,6.4e-07,0.0,0.0
2017-05-14,DOGEBTC,6.4e-07,6.4e-07,6.4e-07,6.4e-07,0.0,0.0
2017-05-13,DOGEBTC,6.4e-07,6.4e-07,6.4e-07,6.4e-07,0.0,0.0
2017-05-12,DOGEBTC,6.4e-07,6.4e-07,6.4e-07,6.4e-07,0.0,0.0
2017-05-11,DOGEBTC,6.4e-07,6.4e-07,6.4e-07,6.4e-07,0.0,0.0
2017-05-10,DOGEBTC,6.4e-07,6.4e-07,6.4e-07,6.4e-07,0.0,0.0
2017-05-09,DOGEBTC,6.4e-07,6.4e-07,6.4e-07,6.4e-07,0.0,0.0
2017-05-08,DOGEBTC,6.4e-07,6.4e-07,6.4e-07,6.4e-07,0.0,0.0
2017-05-07,DOGEBTC,6.1e-07,6.4e-07,6.1e-07,6.4e-07,4842.88,0.003099
2017-05-06,DOGEBTC,5.8e-07,6.1e-07,5.7e-07,6.1e-07,16000.0,0.00963
2017-05-05,DOGEBTC,4.3e-07,5.8e-07,4.3e-07,5.8e-07,1127.21,0.0005873
