Date,Close
2010-07-19,0.0808
2010-07-20,0.0747
2010-07-21,0.0792
2010-07-22,0.0585
2010-07-23,0.0606
2010-07-24,0.0545
2010-07-25,0.0505
2010-07-26,0.056
2010-07-27,0.0586
2010-07-28,0.0589
2010-07-29,0.0699
2010-07-30,0.0647
2010-07-31,0.0675
2010-08-01,0.0611
2010-08-02,0.06
2010-08-03,0.06
2010-08-04,0.057
2010-08-05,0.061
2010-08-06,0.0617
2010-08-07,0.059
2010-08-08,0.0609
2010-08-09,0.0704
2010-08-10,0.0693
2010-08-11,0.067
2010-08-12,0.07
2010-08-13,0.0645
2010-08-14,0.067
2010-08-15,0.0651
2010-08-16,0.0655
2010-08-17,0.07
2010-08-18,0.068
2010-08-19,0.0667
2010-08-20,0.0655
2010-08-21,0.0664
2010-08-22,0.0659
2010-08-23,0.0649
2010-08-24,0.065
2010-08-25,0.0648
2010-08-26,0.0641
2010-08-27,0.065
2010-08-28,0.0646
2010-08-29,0.064
2010-08-30,0.065
2010-08-31,0.06
2010-09-01,0.062
2010-09-02,0.0634
2010-09-03,0.0608
2010-09-04,0.0622
2010-09-05,0.0616
2010-09-06,0.0616
2010-09-07,0.0612
2010-09-08,0.061
2010-09-09,0.0611
2010-09-10,0.061
2010-09-11,0.0636
2010-09-12,0.0615
2010-09-13,0.0622
2010-09-14,0.062
2010-09-15,0.0604
2010-09-16,0.0619
2010-09-17,0.06
2010-09-18,0.061
2010-09-19,0.0627
2010-09-20,0.0621
2010-09-21,0.0626
2010-09-22,0.0619
2010-09-23,0.0622
2010-09-24,0.0622
2010-09-25,0.062
2010-09-26,0.062
2010-09-27,0.0622
2010-09-28,0.0619
2010-09-29,0.0619
2010-09-30,0.0619
2010-10-01,0.062
2010-10-02,0.0614
2010-10-03,0.0611
2010-10-04,0.0613
2010-10-05,0.0614
2010-10-06,0.0628
2010-10-07,0.067
2010-10-08,0.0845
2010-10-09,0.0938
2010-10-10,0.0971
2010-10-11,0.095
2010-10-12,0.0949
2010-10-13,0.1049
2010-10-14,0.102
2010-10-15,0.105
2010-10-16,0.101
2010-10-17,0.102
2010-10-18,0.1024
2010-10-19,0.0975
2010-10-20,0.099
2010-10-21,0.107
2010-10-22,0.1025
2010-10-23,0.1046
2010-10-24,0.115
2010-10-25,0.1391
2010-10-26,0.151
2010-10-27,0.1877
2010-10-28,0.1731
2010-10-29,0.19
2010-10-30,0.1976
2010-10-31,0.1925
2010-11-01,0.1945
2010-11-02,0.1938
2010-11-03,0.1931
2010-11-04,0.2293
2010-11-05,0.2591
2010-11-06,0.401
2010-11-07,0.34
2010-11-08,0.2432
2010-11-09,0.2173
2010-11-10,0.2295
2010-11-11,0.2231
2010-11-12,0.2682
2010-11-13,0.276
2010-11-14,0.279
2010-11-15,0.2685
2010-11-16,0.225
2010-11-17,0.2419
2010-11-18,0.2691
2010-11-19,0.2783
2010-11-20,0.283
2010-11-21,0.2768
2010-11-22,0.285
2010-11-23,0.283
2010-11-24,0.2829
2010-11-25,0.28
2010-11-26,0.2844
2010-11-27,0.283
2010-11-28,0.2714
2010-11-29,0.2306
2010-11-30,0.2082
2010-12-01,0.2275
2010-12-02,0.255
2010-12-03,0.2511
2010-12-04,0.205
2010-12-05,0.2029
2010-12-06,0.204
2010-12-07,0.2334
2010-12-08,0.2388
2010-12-09,0.2
2010-12-10,0.204
2010-12-11,0.228
2010-12-12,0.2199
2010-12-13,0.2276
2010-12-14,0.2467
2010-12-15,0.24
2010-12-16,0.25
2010-12-17,0.2427
2010-12-18,0.241
2010-12-19,0.2401
2010-12-20,0.267
2010-12-21,0.2414
2010-12-22,0.25
2010-12-23,0.25
2010-12-24,0.248
2010-12-25,0.2499
2010-12-26,0.265
2010-12-27,0.2648
2010-12-28,0.281
2010-12-29,0.3
2010-12-30,0.3
2010-12-31,0.3
2011-01-01,0.3
2011-01-02,0.3
2011-01-03,0.295
2011-01-04,0.299
2011-01-05,0.2989
2011-01-06,0.298
2011-01-07,0.32
2011-01-08,0.3229
2011-01-09,0.323
2011-01-10,0.3266
2011-01-11,0.3266
2011-01-12,0.3188
2011-01-13,0.3176
2011-01-14,0.4
2011-01-15,0.386
2011-01-16,0.3868
2011-01-17,0.3495
2011-01-18,0.313
2011-01-19,0.313
2011-01-20,0.39
2011-01-21,0.4199
2011-01-22,0.44
2011-01-23,0.4424
2011-01-24,0.4199
2011-01-25,0.41
2011-01-26,0.4151
2011-01-27,0.4212
2011-01-28,0.4445
2011-01-29,0.439
2011-01-30,0.4771
2011-01-31,0.5251
2011-02-01,0.7075
2011-02-02,0.7254
2011-02-03,0.6939
2011-02-04,0.811
2011-02-05,0.9117
2011-02-06,0.898
2011-02-07,0.8894
2011-02-08,0.918
2011-02-09,1.0161
2011-02-10,0.9797
2011-02-11,1.0541
2011-02-12,1.0787
2011-02-13,1.05
2011-02-14,1.07
2011-02-15,1.05
2011-02-16,1.0317
2011-02-17,1.0399
2011-02-18,0.899
2011-02-19,0.944
2011-02-20,0.865
2011-02-21,0.8357
2011-02-22,0.877
2011-02-23,0.9
2011-02-24,0.9891
2011-02-25,0.9147
2011-02-26,0.958
2011-02-27,0.895
2011-02-28,0.8602
2011-03-01,0.9211
2011-03-02,0.9399
2011-03-03,0.9391
2011-03-04,0.9011
2011-03-05,0.9078
2011-03-06,0.8848
2011-03-07,0.8776
2011-03-08,0.8661
2011-03-09,0.86
2011-03-10,0.9207
2011-03-11,0.88
2011-03-12,0.9178
2011-03-13,0.8925
2011-03-14,0.8939
2011-03-15,0.8722
2011-03-16,0.8512
2011-03-17,0.8254
2011-03-18,0.802
2011-03-19,0.765
2011-03-20,0.7415
2011-03-21,0.759
2011-03-22,0.8091
2011-03-23,0.8497
2011-03-24,0.8724
2011-03-25,0.8838
2011-03-26,0.8552
2011-03-27,0.822
2011-03-28,0.7947
2011-03-29,0.7925
2011-03-30,0.7897
2011-03-31,0.7846
2011-04-01,0.7741
2011-04-02,0.782
2011-04-03,0.779
2011-04-04,0.68
2011-04-05,0.7157
2011-04-06,0.74
2011-04-07,0.7538
2011-04-08,0.75
2011-04-09,0.7341
2011-04-10,0.7332
2011-04-11,0.7701
2011-04-12,0.8614
2011-04-13,0.9303
2011-04-14,0.9986
2011-04-15,0.9837
2011-04-16,1.0466
2011-04-17,1.0981
2011-04-18,1.1494
2011-04-19,1.1852
2011-04-20,1.1421
2011-04-21,1.2073
2011-04-22,1.4045
2011-04-23,1.8289
2011-04-24,1.632
2011-04-25,1.5645
2011-04-26,1.7708
2011-04-27,1.9032
2011-04-28,2.2857
2011-04-29,2.8506
2011-04-30,3.5
2011-05-01,3.0942
2011-05-02,3.2
2011-05-03,3.3606
2011-05-04,3.4087
2011-05-05,3.3437
2011-05-06,3.4551
2011-05-07,3.6413
2011-05-08,3.8487
2011-05-09,3.8041
2011-05-10,5.6517
2011-05-11,5.4398
2011-05-12,6.3349
2011-05-13,8.139
2011-05-14,7.0072
2011-05-15,6.9249
2011-05-16,7.8851
2011-05-17,7.2572
2011-05-18,6.7632
2011-05-19,6.8901
2011-05-20,5.6181
2011-05-21,6.0848
2011-05-22,6.712
2011-05-23,7.0653
2011-05-24,7.4027
2011-05-25,8.5693
2011-05-26,8.7822
2011-05-27,8.5287
2011-05-28,8.3493
2011-05-29,8.401
2011-05-30,8.7793
2011-05-31,8.7216
2011-06-01,9.6238
2011-06-02,10.7028
2011-06-03,14.2646
2011-06-04,18.3127
2011-06-05,16.5433
2011-06-06,18.4021
2011-06-07,23.2379
2011-06-08,29.0299
2011-06-09,28.7905
2011-06-10,24.0494
2011-06-11,14.7497
2011-06-12,18.8501
2011-06-13,19.5423
2011-06-14,19.2577
2011-06-15,19.4641
2011-06-16,17.9294
2011-06-17,15.4364
2011-06-18,16.8754
2011-06-19,17.5107
2011-06-20,17.5107
2011-06-21,17.5107
2011-06-22,17.5107
2011-06-23,17.5107
2011-06-24,17.5107
2011-06-25,17.5107
2011-06-26,16.3613
2011-06-27,16.7523
2011-06-28,16.9618
2011-06-29,16.8546
2011-06-30,16.1853
2011-07-01,15.4204
2011-07-02,15.3828
2011-07-03,15.4576
2011-07-04,13.8528
2011-07-05,12.9648
2011-07-06,14.7148
2011-07-07,14.7973
2011-07-08,14.299
2011-07-09,14.3815
2011-07-10,14.6229
2011-07-11,14.3102
2011-07-12,14.0213
2011-07-13,13.9715
2011-07-14,13.998
2011-07-15,13.8064
2011-07-16,13.7131
2011-07-17,13.2581
2011-07-18,13.6305
2011-07-19,13.8248
2011-07-20,13.6783
2011-07-21,13.6118
2011-07-22,13.6985
2011-07-23,13.6817
2011-07-24,13.9925
2011-07-25,14.0334
2011-07-26,13.878
2011-07-27,13.8782
2011-07-28,13.4916
2011-07-29,13.5123
2011-07-30,13.5403
2011-07-31,13.3729
2011-08-01,13.0191
2011-08-02,12.2142
2011-08-03,9.2864
2011-08-04,10.7685
2011-08-05,9.7302
2011-08-06,6.9642
2011-08-07,8.5018
2011-08-08,7.7753
2011-08-09,9.8025
2011-08-10,10.0513
2011-08-11,9.4384
2011-08-12,9.453
2011-08-13,10.004
2011-08-14,10.8068
2011-08-15,11.1307
2011-08-16,10.992
2011-08-17,10.964
2011-08-18,10.8585
2011-08-19,11.6705
2011-08-20,11.4597
2011-08-21,11.3545
2011-08-22,10.9209
2011-08-23,10.9172
2011-08-24,10.8704
2011-08-25,9.5461
2011-08-26,8.1269
2011-08-27,8.5965
2011-08-28,9.0309
2011-08-29,8.9612
2011-08-30,8.8099
2011-08-31,8.1992
2011-09-01,8.2343
2011-09-02,8.6214
2011-09-03,8.4497
2011-09-04,8.2035
2011-09-05,7.5973
2011-09-06,6.8465
2011-09-07,7.163
2011-09-08,6.6782
2011-09-09,4.9868
2011-09-10,4.7428
2011-09-11,5.8529
2011-09-12,6.0906
2011-09-13,5.8025
2011-09-14,5.5974
2011-09-15,4.8678
2011-09-16,4.8312
2011-09-17,4.7753
2011-09-18,5.2367
2011-09-19,5.5204
2011-09-20,6.1467
2011-09-21,5.5971
2011-09-22,5.475
2011-09-23,5.5634
2011-09-24,5.4579
2011-09-25,5.3412
2011-09-26,4.8738
2011-09-27,4.9112
2011-09-28,4.7634
2011-09-29,4.7777
2011-09-30,5.1437
2011-10-01,5.0341
2011-10-02,5.0071
2011-10-03,5.0228
2011-10-04,4.9568
2011-10-05,4.8851
2011-10-06,4.7302
2011-10-07,4.276
2011-10-08,3.9813
2011-10-09,4.1116
2011-10-10,4.075
2011-10-11,4.0089
2011-10-12,4.1662
2011-10-13,4.037
2011-10-14,3.9863
2011-10-15,3.8373
2011-10-16,3.6097
2011-10-17,2.5812
2011-10-18,2.4223
2011-10-19,2.2173
2011-10-20,2.3561
2011-10-21,2.5701
2011-10-22,3.1555
2011-10-23,3.1478
2011-10-24,2.5229
2011-10-25,2.8019
2011-10-26,2.7775
2011-10-27,3.0454
2011-10-28,3.1796
2011-10-29,3.5692
2011-10-30,3.2574
2011-10-31,3.2651
2011-11-01,3.171
2011-11-02,3.2558
2011-11-03,3.1683
2011-11-04,3.1201
2011-11-05,2.9778
2011-11-06,2.9627
2011-11-07,3.0178
2011-11-08,3.0566
2011-11-09,2.9196
2011-11-10,2.8567
2011-11-11,3.0679
2011-11-12,3.0255
2011-11-13,2.9864
2011-11-14,2.2242
2011-11-15,2.3224
2011-11-16,2.5468
2011-11-17,2.2791
2011-11-18,2.1051
2011-11-19,2.2035
2011-11-20,2.202
2011-11-21,2.2799
2011-11-22,2.3225
2011-11-23,2.3303
2011-11-24,2.4389
2011-11-25,2.4962
2011-11-26,2.4718
2011-11-27,2.4776
2011-11-28,2.5412
2011-11-29,2.7577
2011-11-30,2.966
2011-12-01,3.0826
2011-12-02,3.1004
2011-12-03,2.8039
2011-12-04,2.8197
2011-12-05,2.8748
2011-12-06,3.0254
2011-12-07,2.9855
2011-12-08,2.9919
2011-12-09,2.9558
2011-12-10,3.069
2011-12-11,3.2493
2011-12-12,3.1873
2011-12-13,3.2411
2011-12-14,3.1551
2011-12-15,3.2031
2011-12-16,3.2091
2011-12-17,3.1925
2011-12-18,3.194
2011-12-19,3.5258
2011-12-20,3.9526
2011-12-21,3.889
2011-12-22,3.9031
2011-12-23,3.938
2011-12-24,3.9394
2011-12-25,4.2339
2011-12-26,3.9991
2011-12-27,4.0955
2011-12-28,4.2073
2011-12-29,4.1734
2011-12-30,4.3106
2011-12-31,4.7143
2012-01-01,5.2948
2012-01-02,5.2049
2012-01-03,4.8705
2012-01-04,5.5857
2012-01-05,6.874
2012-01-06,6.6833
2012-01-07,6.7962
2012-01-08,7.0967
2012-01-09,6.2885
2012-01-10,6.5285
2012-01-11,6.8891
2012-01-12,6.7736
2012-01-13,6.4544
2012-01-14,6.7617
2012-01-15,7.0469
2012-01-16,6.7156
2012-01-17,5.5996
2012-01-18,5.9002
2012-01-19,6.3157
2012-01-20,6.5015
2012-01-21,6.1806
2012-01-22,6.303
2012-01-23,6.3749
2012-01-24,6.2745
2012-01-25,5.8105
2012-01-26,5.3672
2012-01-27,5.3031
2012-01-28,5.6598
2012-01-29,5.3914
2012-01-30,5.5035
2012-01-31,5.5382
2012-02-01,6.0752
2012-02-02,6.0996
2012-02-03,5.9516
2012-02-04,5.8954
2012-02-05,5.6781
2012-02-06,5.4827
2012-02-07,5.662
2012-02-08,5.6185
2012-02-09,5.8357
2012-02-10,5.9378
2012-02-11,5.6121
2012-02-12,5.5191
2012-02-13,5.3484
2012-02-14,4.4837
2012-02-15,4.3255
2012-02-16,4.2552
2012-02-17,4.3915
2012-02-18,4.2701
2012-02-19,4.3896
2012-02-20,4.3651
2012-02-21,4.3151
2012-02-22,4.4193
2012-02-23,5.0395
2012-02-24,5.0256
2012-02-25,4.7726
2012-02-26,4.9264
2012-02-27,4.9525
2012-02-28,4.8573
2012-02-29,4.8727
2012-03-01,4.9221
2012-03-02,4.7148
2012-03-03,4.6282
2012-03-04,4.8341
2012-03-05,4.9824
2012-03-06,4.9878
2012-03-07,4.9491
2012-03-08,4.935
2012-03-09,4.8723
2012-03-10,4.8414
2012-03-11,4.892
2012-03-12,4.9108
2012-03-13,5.2909
2012-03-14,5.3905
2012-03-15,5.3408
2012-03-16,5.3396
2012-03-17,5.236
2012-03-18,5.2701
2012-03-19,4.6787
2012-03-20,4.8308
2012-03-21,4.8172
2012-03-22,4.7296
2012-03-23,4.6916
2012-03-24,4.652
2012-03-25,4.5523
2012-03-26,4.6327
2012-03-27,4.8113
2012-03-28,4.7906
2012-03-29,4.7941
2012-03-30,4.8614
2012-03-31,4.8898
2012-04-01,4.7933
2012-04-02,4.983
2012-04-03,4.9562
2012-04-04,4.9178
2012-04-05,4.9208
2012-04-06,4.9491
2012-04-07,4.7097
2012-04-08,4.7788
2012-04-09,4.8525
2012-04-10,4.8414
2012-04-11,4.9153
2012-04-12,4.9012
2012-04-13,4.9344
2012-04-14,4.9564
2012-04-15,4.9616
2012-04-16,4.9508
2012-04-17,4.9687
2012-04-18,5.1244
2012-04-19,5.1309
2012-04-20,5.3665
2012-04-21,5.2826
2012-04-22,5.1956
2012-04-23,5.1109
2012-04-24,5.0879
2012-04-25,5.1488
2012-04-26,5.0974
2012-04-27,5.0959
2012-04-28,4.9707
2012-04-29,4.9026
2012-04-30,4.9421
2012-05-01,4.9871
2012-05-02,5.0534
2012-05-03,5.1189
2012-05-04,5.0855
2012-05-05,5.0566
2012-05-06,5.0478
2012-05-07,5.0676
2012-05-08,5.0235
2012-05-09,5.0413
2012-05-10,4.9275
2012-05-11,4.9637
2012-05-12,4.9465
2012-05-13,4.9448
2012-05-14,5.0114
2012-05-15,5.0336
2012-05-16,5.0878
2012-05-17,5.0897
2012-05-18,5.1183
2012-05-19,5.1125
2012-05-20,5.0942
2012-05-21,5.0942
2012-05-22,5.0891
2012-05-23,5.1289
2012-05-24,5.1192
2012-05-25,5.1373
2012-05-26,5.104
2012-05-27,5.1346
2012-05-28,5.1363
2012-05-29,5.1485
2012-05-30,5.1383
2012-05-31,5.1816
2012-06-01,5.2669
2012-06-02,5.2436
2012-06-03,5.2127
2012-06-04,5.2588
2012-06-05,5.426
2012-06-06,5.4462
2012-06-07,5.5872
2012-06-08,5.6225
2012-06-09,5.557
2012-06-10,5.4579
2012-06-11,5.587
2012-06-12,5.7275
2012-06-13,5.9093
2012-06-14,5.962
2012-06-15,6.5234
2012-06-16,6.4442
2012-06-17,6.2
2012-06-18,6.3108
2012-06-19,6.4948
2012-06-20,6.6936
2012-06-21,6.6723
2012-06-22,6.5638
2012-06-23,6.4475
2012-06-24,6.3505
2012-06-25,6.3175
2012-06-26,6.4329
2012-06-27,6.6157
2012-06-28,6.5901
2012-06-29,6.6588
2012-06-30,6.6804
2012-07-01,6.6269
2012-07-02,6.7435
2012-07-03,6.45
2012-07-04,6.5148
2012-07-05,6.6424
2012-07-06,6.6722
2012-07-07,6.8083
2012-07-08,6.7963
2012-07-09,7.0324
2012-07-10,7.1786
2012-07-11,7.1851
2012-07-12,7.5559
2012-07-13,7.6309
2012-07-14,7.5801
2012-07-15,7.6272
2012-07-16,8.4934
2012-07-17,8.752
2012-07-18,9.0952
2012-07-19,8.8795
2012-07-20,8.5325
2012-07-21,8.8756
2012-07-22,8.5066
2012-07-23,8.5312
2012-07-24,8.5746
2012-07-25,8.7693
2012-07-26,8.8758
2012-07-27,8.8915
2012-07-28,8.8426
2012-07-29,8.7477
2012-07-30,9.0883
2012-07-31,9.321
2012-08-01,9.568
2012-08-02,10.551
2012-08-03,10.9159
2012-08-04,10.9197
2012-08-05,10.8051
2012-08-06,10.8694
2012-08-07,10.9413
2012-08-08,11.0704
2012-08-09,11.1037
2012-08-10,11.4476
2012-08-11,11.5425
2012-08-12,11.5926
2012-08-13,11.985
2012-08-14,12.1871
2012-08-15,13.1701
2012-08-16,13.4508
2012-08-17,12.077
2012-08-18,11.5775
2012-08-19,7.8306
2012-08-20,9.9799
2012-08-21,9.903
2012-08-22,9.7726
2012-08-23,10.0887
2012-08-24,10.594
2012-08-25,10.5837
2012-08-26,10.5455
2012-08-27,10.9004
2012-08-28,10.933
2012-08-29,10.8678
2012-08-30,10.7277
2012-08-31,10.1024
2012-09-01,10.0065
2012-09-02,10.2261
2012-09-03,10.4971
2012-09-04,10.364
2012-09-05,11.0255
2012-09-06,11.1608
2012-09-07,11.0761
2012-09-08,11.0433
2012-09-09,11.0621
2012-09-10,11.1253
2012-09-11,11.2681
2012-09-12,11.3153
2012-09-13,11.3803
2012-09-14,11.7301
2012-09-15,11.7184
2012-09-16,11.8869
2012-09-17,11.9083
2012-09-18,12.2597
2012-09-19,12.5049
2012-09-20,12.3672
2012-09-21,12.3337
2012-09-22,12.2137
2012-09-23,12.1655
2012-09-24,12.1136
2012-09-25,12.1824
2012-09-26,12.3198
2012-09-27,12.3188
2012-09-28,12.3815
2012-09-29,12.4048
2012-09-30,12.3916
2012-10-01,12.3894
2012-10-02,12.8072
2012-10-03,12.9554
2012-10-04,12.8624
2012-10-05,12.7522
2012-10-06,12.5051
2012-10-07,11.874
2012-10-08,11.7333
2012-10-09,11.8287
2012-10-10,12.1092
2012-10-11,12.0676
2012-10-12,12.0281
2012-10-13,11.9268
2012-10-14,11.6506
2012-10-15,11.9083
2012-10-16,11.848
2012-10-17,11.9194
2012-10-18,11.9259
2012-10-19,11.7575
2012-10-20,11.6944
2012-10-21,11.6574
2012-10-22,11.7411
2012-10-23,11.7078
2012-10-24,11.6344
2012-10-25,10.7536
2012-10-26,10.1306
2012-10-27,10.4582
2012-10-28,10.71
2012-10-29,10.6307
2012-10-30,10.8593
2012-10-31,11.1461
2012-11-01,10.6135
2012-11-02,10.5305
2012-11-03,10.6507
2012-11-04,10.7969
2012-11-05,10.7408
2012-11-06,10.8682
2012-11-07,10.9541
2012-11-08,10.8927
2012-11-09,10.8159
2012-11-10,10.8633
2012-11-11,10.8418
2012-11-12,11.0313
2012-11-13,10.998
2012-11-14,10.959
2012-11-15,11.1751
2012-11-16,11.705
2012-11-17,11.75
2012-11-18,11.6656
2012-11-19,11.7505
2012-11-20,11.6992
2012-11-21,11.7291
2012-11-22,12.292
2012-11-23,12.2803
2012-11-24,12.4132
2012-11-25,12.5297
2012-11-26,12.1846
2012-11-27,12.1593
2012-11-28,12.3317
2012-11-29,12.4977
2012-11-30,12.5861
2012-12-01,12.5924
2012-12-02,12.4979
2012-12-03,12.657
2012-12-04,13.3696
2012-12-05,13.3128
2012-12-06,13.4779
2012-12-07,13.4773
2012-12-08,13.5
2012-12-09,13.3465
2012-12-10,13.4923
2012-12-11,13.6154
2012-12-12,13.6682
2012-12-13,13.7553
2012-12-14,13.6009
2012-12-15,13.5309
2012-12-16,13.3329
2012-12-17,13.3201
2012-12-18,13.272
2012-12-19,13.5385
2012-12-20,13.57
2012-12-21,13.429
2012-12-22,13.4272
2012-12-23,13.3181
2012-12-24,13.4267
2012-12-25,13.3656
2012-12-26,13.4547
2012-12-27,13.3993
2012-12-28,13.4555
2012-12-29,13.374
2012-12-30,13.445
2012-12-31,13.5456
2013-01-01,13.3314
2013-01-02,13.2806
2013-01-03,13.3841
2013-01-04,13.4517
2013-01-05,13.4594
2013-01-06,13.5045
2013-01-07,13.5561
2013-01-08,13.7804
2013-01-09,13.821
2013-01-10,14.1232
2013-01-11,14.2276
2013-01-12,14.2143
2013-01-13,14.1608
2013-01-14,14.318
2013-01-15,14.3136
2013-01-16,14.7078
2013-01-17,15.5986
2013-01-18,15.7158
2013-01-19,15.5881
2013-01-20,15.7196
2013-01-21,16.781
2013-01-22,17.3002
2013-01-23,17.5364
2013-01-24,16.9011
2013-01-25,17.4072
2013-01-26,17.5536
2013-01-27,17.8646
2013-01-28,18.7943
2013-01-29,19.5147
2013-01-30,19.7374
2013-01-31,20.5116
2013-02-01,20.4431
2013-02-02,19.6359
2013-02-03,20.5789
2013-02-04,20.4405
2013-02-05,20.6593
2013-02-06,21.2086
2013-02-07,22.1178
2013-02-08,22.7874
2013-02-09,23.7339
2013-02-10,23.9003
2013-02-11,24.4973
2013-02-12,24.9797
2013-02-13,24.6417
2013-02-14,27.2824
2013-02-15,27.1713
2013-02-16,27.3462
2013-02-17,26.9273
2013-02-18,26.9289
2013-02-19,29.4136
2013-02-20,29.8198
2013-02-21,29.8181
2013-02-22,30.4727
2013-02-23,29.8065
2013-02-24,29.8828
2013-02-25,30.352
2013-02-26,31.1555
2013-02-27,31.2403
2013-02-28,33.3753
2013-03-01,34.6063
2013-03-02,34.1435
2013-03-03,34.4517
2013-03-04,36.3763
2013-03-05,40.673
2013-03-06,43.285
2013-03-07,41.9474
2013-03-08,43.9029
2013-03-09,46.8886
2013-03-10,46.066
2013-03-11,48.2751
2013-03-12,44.4135
2013-03-13,47.0162
2013-03-14,46.9256
2013-03-15,46.9025
2013-03-16,47.157
2013-03-17,47.3335
2013-03-18,51.3654
2013-03-19,59.4986
2013-03-20,63.6875
2013-03-21,70.9175
2013-03-22,69.8461
2013-03-23,64.3831
2013-03-24,71.6904
2013-03-25,74.3141
2013-03-26,78.6142
2013-03-27,88.8521
2013-03-28,87.6732
2013-03-29,90.2957
2013-03-30,92.19
2013-03-31,93.8992
2013-04-01,103.5803
2013-04-02,116.6799
2013-04-03,131.3848
2013-04-04,133.0071
2013-04-05,142.6261
2013-04-06,143.0818
2013-04-07,162.8522
2013-04-08,186.3512
2013-04-09,230.683
2013-04-10,161.1929
2013-04-11,82.9016
2013-04-12,111.4764
2013-04-13,97.6091
2013-04-14,88.8615
2013-04-15,80.8747
2013-04-16,68.2831
2013-04-17,92.864
2013-04-18,108.6283
2013-04-19,119.0123
2013-04-20,128.2083
2013-04-21,118.4832
2013-04-22,126.3143
2013-04-23,142.1272
2013-04-24,154.1333
2013-04-25,141.0087
2013-04-26,137.2096
2013-04-27,128.2267
2013-04-28,134.6236
2013-04-29,143.8104
2013-04-30,139.1296
2013-05-01,116.1138
2013-05-02,106.341
2013-05-03,96.3168
2013-05-04,112.4976
2013-05-05,116.4887
2013-05-06,112.1186
2013-05-07,111.6092
2013-05-08,113.1361
2013-05-09,111.9745
2013-05-10,117.691
2013-05-11,115.4998
2013-05-12,114.8857
2013-05-13,117.4045
2013-05-14,107.8656
2013-05-15,108.9869
2013-05-16,112.9179
2013-05-17,117.2846
2013-05-18,118.1699
2013-05-19,117.0339
2013-05-20,117.8186
2013-05-21,117.252
2013-05-22,118.9782
2013-05-23,123.7262
2013-05-24,128.9711
2013-05-25,128.8449
2013-05-26,130.1586
2013-05-27,126.3929
2013-05-28,125.9046
2013-05-29,129.5648
2013-05-30,126.5131
2013-05-31,127.8165
2013-06-01,128.7912
2013-06-02,122.6267
2013-06-03,122.9492
2013-06-04,120.19
2013-06-05,120.8699
2013-06-06,119.054
2013-06-07,110.1977
2013-06-08,109.1785
2013-06-09,99.9036
2013-06-10,104.3576
2013-06-11,107.5075
2013-06-12,106.3781
2013-06-13,101.3239
2013-06-14,99.2132
2013-06-15,99.875
2013-06-16,99.0384
2013-06-17,100.1263
2013-06-18,104.2892
2013-06-19,104.4172
2013-06-20,104.3235
2013-06-21,101.4169
2013-06-22,100.0395
2013-06-23,100.3147
2013-06-24,99.0457
2013-06-25,97.8328
2013-06-26,98.6517
2013-06-27,96.8039
2013-06-28,89.4245
2013-06-29,88.7973
2013-06-30,89.4809
2013-07-01,82.8676
2013-07-02,87.8165
2013-07-03,77.6913
2013-07-04,79.1349
2013-07-05,67.4476
2013-07-06,66.3417
2013-07-07,72.1095
2013-07-08,73.9886
2013-07-09,74.8919
2013-07-10,85.0137
2013-07-11,87.4975
2013-07-12,90.0467
2013-07-13,91.5926
2013-07-14,89.8923
2013-07-15,93.7962
2013-07-16,91.781
2013-07-17,91.0314
2013-07-18,84.9617
2013-07-19,86.2388
2013-07-20,84.9109
2013-07-21,85.6644
2013-07-22,85.649
2013-07-23,86.9771
2013-07-24,88.1517
2013-07-25,90.1661
2013-07-26,89.984
2013-07-27,88.1653
2013-07-28,92.7458
2013-07-29,93.2987
2013-07-30,96.6596
2013-07-31,98.0244
2013-08-01,96.568
2013-08-02,96.0745
2013-08-03,95.5067
2013-08-04,96.3655
2013-08-05,97.5271
2013-08-06,97.6712
2013-08-07,97.0542
2013-08-08,94.2573
2013-08-09,92.4728
2013-08-10,93.2936
2013-08-11,94.2713
2013-08-12,95.4465
2013-08-13,97.7591
2013-08-14,99.1213
2013-08-15,98.1063
2013-08-16,98.291
2013-08-17,99.6305
2013-08-18,99.178
2013-08-19,102.784
2013-08-20,104.5002
2013-08-21,110.8016
2013-08-22,109.5232
2013-08-23,107.6976
2013-08-24,108.8827
2013-08-25,113.0826
2013-08-26,112.1181
2013-08-27,117.7598
2013-08-28,118.3174
2013-08-29,118.8356
2013-08-30,124.8854
2013-08-31,128.378
2013-09-01,130.5364
2013-09-02,129.5654
2013-09-03,129.1828
2013-09-04,122.5292
2013-09-05,122.3701
2013-09-06,117.8611
2013-09-07,119.815
2013-09-08,118.0574
2013-09-09,121.2593
2013-09-10,122.2155
2013-09-11,127.0882
2013-09-12,126.7807
2013-09-13,127.4077
2013-09-14,124.3485
2013-09-15,125.0764
2013-09-16,126.2047
2013-09-17,126.8973
2013-09-18,126.9038
2013-09-19,124.181
2013-09-20,122.9216
2013-09-21,123.5083
2013-09-22,123.1249
2013-09-23,122.8657
2013-09-24,123.7974
2013-09-25,123.6141
2013-09-26,124.6857
2013-09-27,126.6053
2013-09-28,126.7966
2013-09-29,127.1086
2013-09-30,126.0903
2013-10-01,127.5754
2013-10-02,104.1051
2013-10-03,117.5755
2013-10-04,121.9303
2013-10-05,121.3934
2013-10-06,122.0
2013-10-07,123.61
2013-10-08,124.18
2013-10-09,123.84
2013-10-10,125.86
2013-10-11,125.86
2013-10-12,127.0
2013-10-13,131.84
2013-10-14,135.59
2013-10-15,133.88
2013-10-16,137.64
2013-10-17,143.8
2013-10-18,149.05
2013-10-19,163.0
2013-10-20,162.98
2013-10-21,176.32
2013-10-22,150.0
2013-10-23,202.24
2013-10-24,185.95
2013-10-25,183.0
2013-10-26,184.58
2013-10-27,191.0
2013-10-28,191.0
2013-10-29,195.0
2013-10-30,203.77
2013-10-31,202.1
2013-11-01,202.9
2013-11-02,203.51
2013-11-03,209.46
2013-11-04,229.8
2013-11-05,244.96
2013-11-06,261.21
2013-11-07,296.49
2013-11-08,330.65
2013-11-09,338.68
2013-11-10,317.0
2013-11-11,338.9
2013-11-12,355.0
2013-11-13,398.0
2013-11-14,425.84
2013-11-15,410.83
2013-11-16,438.0
2013-11-17,491.5
2013-11-18,658.79
2013-11-19,599.34
2013-11-20,591.81
2013-11-21,662.7
2013-11-22,800.0
2013-11-23,822.16
2013-11-24,808.33
2013-11-25,801.6
2013-11-26,875.06
2013-11-27,993.44
2013-11-28,999.0
2013-11-29,1148.0
2013-11-30,1125.43
2013-12-01,949.93
2013-12-02,1022.95
2013-12-03,1047.11
2013-12-04,1079.93
2013-12-05,1032.05
2013-12-06,858.65
2013-12-07,713.49
2013-12-08,779.0
2013-12-09,899.73
2013-12-10,954.64
2013-12-11,883.78
2013-12-12,873.0
2013-12-13,868.23
2013-12-14,862.17
2013-12-15,869.84
2013-12-16,707.0
2013-12-17,702.0
2013-12-18,528.0
2013-12-19,688.66
2013-12-20,624.39
2013-12-21,621.45
2013-12-22,641.06
2013-12-23,659.5
2013-12-24,659.79
2013-12-25,684.51
2013-12-26,759.86
2013-12-27,731.86
2013-12-28,737.39
2013-12-29,738.18
2013-12-30,749.0
2013-12-31,739.73
2014-01-01,753.99
2014-01-02,799.04
2014-01-03,808.52
2014-01-04,827.65
2014-01-05,913.93
2014-01-06,936.27
2014-01-07,837.02
2014-01-08,824.98
2014-01-09,850.29
2014-01-10,857.33
2014-01-11,899.84
2014-01-12,860.0
2014-01-13,850.0
2014-01-14,831.0
2014-01-15,850.0
2014-01-16,826.97
2014-01-17,804.35
2014-01-18,819.51
2014-01-19,835.0
2014-01-20,843.77
2014-01-21,829.01
2014-01-22,830.89
2014-01-23,830.89
2014-01-24,794.93
2014-01-25,812.02
2014-01-26,826.72
2014-01-27,790.0
2014-01-28,815.99
2014-01-29,795.0
2014-01-30,808.0
2014-01-31,812.19
2014-02-01,825.0
2014-02-02,814.86
2014-02-03,819.78
2014-02-04,802.4
2014-02-05,802.69
2014-02-06,767.61
2014-02-07,723.0
2014-02-08,693.65
2014-02-09,696.49
2014-02-10,690.2
2014-02-11,672.6
2014-02-12,670.67
2014-02-13,623.95
2014-02-14,670.34
2014-02-15,656.28
2014-02-16,635.79
2014-02-17,638.1
2014-02-18,636.52
2014-02-19,630.16
2014-02-20,575.72
2014-02-21,572.27
2014-02-22,605.43
2014-02-23,616.88
2014-02-24,572.0
2014-02-25,522.84
2014-02-26,593.14
2014-02-27,596.49
2014-02-28,573.94
2014-03-01,575.0
2014-03-02,578.0
2014-03-03,669.75
2014-03-04,680.6
2014-03-05,680.99
2014-03-06,665.66
2014-03-07,641.48
2014-03-08,636.01
2014-03-09,641.57
2014-03-10,642.08
2014-03-11,641.82
2014-03-12,651.08
2014-03-13,653.4
2014-03-14,631.24
2014-03-15,646.0
2014-03-16,651.95
2014-03-17,637.73
2014-03-18,619.78
2014-03-19,620.0
2014-03-20,590.0
2014-03-21,590.0
2014-03-22,572.3
2014-03-23,574.22
2014-03-24,585.4
2014-03-25,579.02
2014-03-26,585.09
2014-03-27,502.78
2014-03-28,516.48
2014-03-29,514.99
2014-03-30,467.1
2014-03-31,462.39
2014-04-01,490.73
2014-04-02,443.63
2014-04-03,458.6
2014-04-04,458.84
2014-04-05,467.85
2014-04-06,461.82
2014-04-07,462.08
2014-04-08,454.39
2014-04-09,461.09
2014-04-10,383.08
2014-04-11,430.0
2014-04-12,448.0
2014-04-13,429.79
2014-04-14,459.38
2014-04-15,523.74
2014-04-16,523.52
2014-04-17,504.29
2014-04-18,485.56
2014-04-19,504.5
2014-04-20,504.73
2014-04-21,496.42
2014-04-22,489.72
2014-04-23,495.62
2014-04-24,501.95
2014-04-25,471.02
2014-04-26,463.7
2014-04-27,438.72
2014-04-28,446.18
2014-04-29,445.68
2014-04-30,448.34
2014-05-01,459.32
2014-05-02,455.16
2014-05-03,441.04
2014-05-04,442.0
2014-05-05,429.18
2014-05-06,431.87
2014-05-07,441.89
2014-05-08,448.26
2014-05-09,450.63
2014-05-10,454.99
2014-05-11,441.5
2014-05-12,440.82
2014-05-13,440.78
2014-05-14,445.52
2014-05-15,449.59
2014-05-16,453.83
2014-05-17,453.83
2014-05-18,445.56
2014-05-19,445.56
2014-05-20,493.43
2014-05-21,494.77
2014-05-22,530.0
2014-05-23,521.47
2014-05-24,530.0
2014-05-25,574.05
2014-05-26,583.2
2014-05-27,570.92
2014-05-28,575.83
2014-05-29,570.49
2014-05-30,616.08
2014-05-31,628.13
2014-06-01,627.54
2014-06-02,665.58
2014-06-03,671.43
2014-06-04,650.48
2014-06-05,657.01
2014-06-06,653.4
2014-06-07,659.8
2014-06-08,646.54
2014-06-09,643.44
2014-06-10,646.89
2014-06-11,617.99
2014-06-12,565.56
2014-06-13,589.68
2014-06-14,575.6
2014-06-15,589.55
2014-06-16,597.14
2014-06-17,608.97
2014-06-18,605.89
2014-06-19,595.93
2014-06-20,593.9
2014-06-21,590.59
2014-06-22,596.24
2014-06-23,584.42
2014-06-24,586.15
2014-06-25,564.42
2014-06-26,583.26
2014-06-27,597.69
2014-06-28,596.12
2014-06-29,589.76
2014-06-30,637.07
2014-07-01,650.0
2014-07-02,645.77
2014-07-03,647.55
2014-07-04,635.25
2014-07-05,628.99
2014-07-06,629.1
2014-07-07,625.99
2014-07-08,617.04
2014-07-09,627.9
2014-07-10,614.47
2014-07-11,629.46
2014-07-12,632.0
2014-07-13,626.5
2014-07-14,626.23
2014-07-15,620.03
2014-07-16,625.22
2014-07-17,624.98
2014-07-18,626.0
2014-07-19,630.0
2014-07-20,619.0
2014-07-21,629.77
2014-07-22,618.69
2014-07-23,618.62
2014-07-24,605.64
2014-07-25,596.08
2014-07-26,600.0
2014-07-27,600.0
2014-07-28,591.9
2014-07-29,583.21
2014-07-30,566.75
2014-07-31,590.21
2014-08-01,596.4
2014-08-02,590.49
2014-08-03,578.86
2014-08-04,596.25
2014-08-05,579.0
2014-08-06,579.0
2014-08-07,580.58
2014-08-08,590.0
2014-08-09,590.0
2014-08-10,583.24
2014-08-11,572.77
2014-08-12,580.0
2014-08-13,535.08
2014-08-14,523.76
2014-08-15,530.0
2014-08-16,503.52
2014-08-17,500.0
2014-08-18,455.0
2014-08-19,500.5
2014-08-20,530.0
2014-08-21,505.0
2014-08-22,529.95
2014-08-23,525.0
2014-08-24,524.88
2014-08-25,516.12
2014-08-26,516.12
2014-08-27,524.85
2014-08-28,495.08
2014-08-29,524.88
2014-08-30,524.27
2014-08-31,509.98
2014-09-01,490.01
2014-09-02,524.77
2014-09-03,524.77
2014-09-04,475.01
2014-09-05,475.01
2014-09-06,524.77
2014-09-07,480.0
2014-09-08,488.77
2014-09-09,475.0
2014-09-10,475.0
2014-09-11,475.0
2014-09-12,475.0
2014-09-13,474.77
2014-09-14,490.0
2014-09-15,465.01
2014-09-16,465.0
2014-09-17,445.0
2014-09-18,503.18
2014-09-19,375.94
2014-09-20,385.0
2014-09-21,385.01
2014-09-22,404.83
2014-09-23,449.81
2014-09-24,433.15
2014-09-25,397.0
2014-09-26,397.0
2014-09-27,397.0
2014-09-28,390.0
2014-09-29,370.94
2014-09-30,380.02
2014-10-01,390.0
2014-10-02,370.11
2014-10-03,355.0
2014-10-04,322.11
2014-10-05,330.0
2014-10-06,349.85
2014-10-07,335.0
2014-10-08,359.98
2014-10-09,370.19
2014-10-10,355.59
2014-10-11,357.18
2014-10-12,379.0
2014-10-13,400.0
2014-10-14,411.26
2014-10-15,400.31
2014-10-16,389.14
2014-10-17,381.01
2014-10-18,395.79
2014-10-19,395.79
2014-10-20,391.24
2014-10-21,391.58
2014-10-22,388.71
2014-10-23,368.64
2014-10-24,373.35
2014-10-25,359.51
2014-10-26,362.5
2014-10-27,364.3
2014-10-28,365.13
2014-10-29,335.07
2014-10-30,346.02
2014-10-31,347.95
2014-11-01,320.0
2014-11-02,323.94
2014-11-03,325.0
2014-11-04,325.0
2014-11-05,328.2
2014-11-06,348.0
2014-11-07,347.08
2014-11-08,350.0
2014-11-09,350.0
2014-11-10,355.0
2014-11-11,371.7
2014-11-12,423.48
2014-11-13,415.0
2014-11-14,395.0
2014-11-15,379.99
2014-11-16,380.0
2014-11-17,400.0
2014-11-18,375.02
2014-11-19,390.0
2014-11-20,354.38
2014-11-21,360.0
2014-11-22,370.0
2014-11-23,370.0
2014-11-24,372.0
2014-11-25,376.0
2014-11-26,372.87
2014-11-27,376.9
2014-11-28,387.0
2014-11-29,379.09
2014-11-30,386.32
2014-12-01,374.03
2014-12-02,386.15
2014-12-03,380.0
2014-12-04,379.75
2014-12-05,375.19
2014-12-06,374.0
2014-12-07,373.07
2014-12-08,362.58
2014-12-09,345.49
2014-12-10,345.56
2014-12-11,372.12
2014-12-12,360.0
2014-12-13,352.0
2014-12-14,350.0
2014-12-15,343.07
2014-12-16,330.09
2014-12-17,329.99
2014-12-18,320.0
2014-12-19,349.98
2014-12-20,348.99
2014-12-21,325.01
2014-12-22,327.06
2014-12-23,338.75
2014-12-24,320.38
2014-12-25,320.38
2014-12-26,320.48
2014-12-27,313.37
2014-12-28,313.01
2014-12-29,314.76
2014-12-30,313.0
2014-12-31,319.14
2015-01-01,325.0
2015-01-02,315.3
2015-01-03,295.0
2015-01-04,265.87
2015-01-05,277.4
2015-01-06,281.15
2015-01-07,300.0
2015-01-08,283.53
2015-01-09,283.5
2015-01-10,277.78
2015-01-11,265.0
2015-01-12,265.06
2015-01-13,216.0
2015-01-14,175.0
2015-01-15,219.0
2015-01-16,213.36
2015-01-17,200.0
2015-01-18,219.98
2015-01-19,211.01
2015-01-20,219.82
2015-01-21,224.49
2015-01-22,227.02
2015-01-23,228.04
2015-01-24,250.87
2015-01-25,257.06
2015-01-26,270.0
2015-01-27,250.85
2015-01-28,248.0
2015-01-29,231.83
2015-01-30,220.0
2015-01-31,216.69
2015-02-01,239.98
2015-02-02,228.0
2015-02-03,235.45
2015-02-04,228.9
2015-02-05,217.0
2015-02-06,221.92
2015-02-07,229.66
2015-02-08,229.23
2015-02-09,220.5
2015-02-10,215.01
2015-02-11,207.2
2015-02-12,224.0
2015-02-13,232.8
2015-02-14,250.0
2015-02-15,233.94
2015-02-16,250.66
2015-02-17,249.98
2015-02-18,236.0
2015-02-19,240.1
2015-02-20,241.03
2015-02-21,240.12
2015-02-22,235.0
2015-02-23,236.12
2015-02-24,238.0
2015-02-25,237.02
2015-02-26,239.64
2015-02-27,256.0
2015-02-28,250.13
2015-03-01,250.36
2015-03-02,271.37
2015-03-03,277.0
2015-03-04,269.4
2015-03-05,274.49
2015-03-06,260.0
2015-03-07,269.93
2015-03-08,270.08
2015-03-09,297.0
2015-03-10,295.0
2015-03-11,295.68
2015-03-12,290.28
2015-03-13,285.0
2015-03-14,282.33
2015-03-15,288.0
2015-03-16,294.44
2015-03-17,284.0
2015-03-18,257.48
2015-03-19,255.0
2015-03-20,261.65
2015-03-21,259.68
2015-03-22,271.34
2015-03-23,266.58
2015-03-24,255.33
2015-03-25,250.98
2015-03-26,251.9
2015-03-27,252.0
2015-03-28,252.5
2015-03-29,243.59
2015-03-30,269.0
2015-03-31,244.42
2015-04-01,242.98
2015-04-02,251.2
2015-04-03,252.9
2015-04-04,249.56
2015-04-05,259.99
2015-04-06,254.38
2015-04-07,248.84
2015-04-08,249.46
2015-04-09,249.27
2015-04-10,242.5
2015-04-11,232.58
2015-04-12,240.0
2015-04-13,227.94
2015-04-14,221.98
2015-04-15,220.11
2015-04-16,233.6
2015-04-17,223.01
2015-04-18,222.02
2015-04-19,226.79
2015-04-20,223.6
2015-04-21,234.74
2015-04-22,233.27
2015-04-23,234.99
2015-04-24,230.96
2015-04-25,227.49
2015-04-26,220.15
2015-04-27,228.26
2015-04-28,224.84
2015-04-29,226.0
2015-04-30,237.31
2015-05-01,232.1
2015-05-02,234.15
2015-05-03,240.36
2015-05-04,236.19
2015-05-05,235.59
2015-05-06,228.0
2015-05-07,235.71
2015-05-08,240.51
2015-05-09,241.74
2015-05-10,239.24
2015-05-11,241.86
2015-05-12,242.99
2015-05-13,235.09
2015-05-14,236.47
2015-05-15,238.98
2015-05-16,237.35
2015-05-17,235.86
2015-05-18,233.34
2015-05-19,232.78
2015-05-20,234.8
2015-05-21,236.09
2015-05-22,237.59
2015-05-23,237.39
2015-05-24,240.68
2015-05-25,235.92
2015-05-26,236.03
2015-05-27,235.3
2015-05-28,235.83
2015-05-29,234.91
2015-05-30,232.81
2015-05-31,227.59
2015-06-01,224.23
2015-06-02,229.5
2015-06-03,227.0
2015-06-04,223.12
2015-06-05,225.0
2015-06-06,223.7
2015-06-07,224.35
2015-06-08,224.35
2015-06-09,230.92
2015-06-10,227.26
2015-06-11,228.92
2015-06-12,229.44
2015-06-13,231.04
2015-06-14,232.15
2015-06-15,235.54
2015-06-16,247.14
2015-06-17,245.03
2015-06-18,247.5
2015-06-19,245.5
2015-06-20,243.85
2015-06-21,241.0
2015-06-22,248.08
2015-06-23,243.72
2015-06-24,241.67
2015-06-25,242.04
2015-06-26,242.0
2015-06-27,251.93
2015-06-28,248.5
2015-06-29,268.47
2015-06-30,262.63
2015-07-01,258.1
2015-07-02,254.74
2015-07-03,254.01
2015-07-04,262.0
2015-07-05,269.62
2015-07-06,274.59
2015-07-07,265.36
2015-07-08,270.01
2015-07-09,269.67
2015-07-10,284.54
2015-07-11,293.6
2015-07-12,308.14
2015-07-13,290.18
2015-07-14,288.75
2015-07-15,287.5
2015-07-16,276.74
2015-07-17,280.38
2015-07-18,278.01
2015-07-19,275.54
2015-07-20,277.56
2015-07-21,276.45
2015-07-22,276.98
2015-07-23,276.89
2015-07-24,290.0
2015-07-25,288.92
2015-07-26,291.28
2015-07-27,296.1
2015-07-28,293.56
2015-07-29,291.61
2015-07-30,288.96
2015-07-31,293.48
2015-08-01,283.27
2015-08-02,283.84
2015-08-03,283.87
2015-08-04,287.68
2015-08-05,284.83
2015-08-06,278.67
2015-08-07,281.04
2015-08-08,263.83
2015-08-09,269.77
2015-08-10,266.85
2015-08-11,270.0
2015-08-12,270.0
2015-08-13,264.03
2015-08-14,268.33
2015-08-15,265.55
2015-08-16,260.35
2015-08-17,258.64
2015-08-18,247.99
2015-08-19,230.12
2015-08-20,236.87
2015-08-21,234.39
2015-08-22,231.99
2015-08-23,228.13
2015-08-24,212.48
2015-08-25,224.7
2015-08-26,227.87
2015-08-27,226.01
2015-08-28,233.15
2015-08-29,229.0
2015-08-30,228.5
2015-08-31,230.92
2015-09-01,229.24
2015-09-02,226.82
2015-09-03,226.94
2015-09-04,231.01
2015-09-05,236.32
2015-09-06,241.99
2015-09-07,241.07
2015-09-08,243.27
2015-09-09,239.03
2015-09-10,238.16
2015-09-11,239.43
2015-09-12,236.21
2015-09-13,232.43
2015-09-14,230.65
2015-09-15,229.12
2015-09-16,229.08
2015-09-17,233.37
2015-09-18,232.83
2015-09-19,232.01
2015-09-20,230.17
2015-09-21,227.17
2015-09-22,228.6
2015-09-23,230.24
2015-09-24,231.78
2015-09-25,236.0
2015-09-26,233.49
2015-09-27,230.62
2015-09-28,239.42
2015-09-29,238.02
2015-09-30,236.0
2015-10-01,237.8
2015-10-02,236.98
2015-10-03,238.8
2015-10-04,238.97
2015-10-05,240.0
2015-10-06,244.53
2015-10-07,243.69
2015-10-08,242.7
2015-10-09,244.76
2015-10-10,245.64
2015-10-11,245.11
2015-10-12,245.93
2015-10-13,249.0
2015-10-14,253.64
2015-10-15,253.73
2015-10-16,258.0
2015-10-17,268.54
2015-10-18,257.0
2015-10-19,264.06
2015-10-20,270.0
2015-10-21,266.59
2015-10-22,274.2
2015-10-23,276.16
2015-10-24,283.38
2015-10-25,289.37
2015-10-26,285.21
2015-10-27,292.51
2015-10-28,290.16
2015-10-29,313.04
2015-10-30,325.0
2015-10-31,306.13
2015-11-01,307.44
2015-11-02,358.17
2015-11-03,398.01
2015-11-04,391.93
2015-11-05,380.0
2015-11-06,362.06
2015-11-07,383.89
2015-11-08,357.0
2015-11-09,371.69
2015-11-10,337.83
2015-11-11,309.3
2015-11-12,330.95
2015-11-13,336.95
2015-11-14,329.74
2015-11-15,315.0
2015-11-16,321.91
2015-11-17,330.0
2015-11-18,326.5
2015-11-19,326.26
2015-11-20,317.21
2015-11-21,321.48
2015-11-22,322.85
2015-11-23,322.68
2015-11-24,320.42
2015-11-25,329.69
2015-11-26,356.2
2015-11-27,360.59
2015-11-28,356.5
2015-11-29,370.39
2015-11-30,378.5
2015-12-01,361.58
2015-12-02,362.02
2015-12-03,361.3
2015-12-04,364.93
2015-12-05,389.64
2015-12-06,392.39
2015-12-07,395.3
2015-12-08,400.0
2015-12-09,416.33
2015-12-10,417.3
2015-12-11,443.12
2015-12-12,431.0
2015-12-13,432.0
2015-12-14,440.19
2015-12-15,460.49
2015-12-16,453.65
2015-12-17,451.03
2015-12-18,464.97
2015-12-19,458.01
2015-12-20,441.22
2015-12-21,441.75
2015-12-22,437.69
2015-12-23,444.83
2015-12-24,452.71
2015-12-25,457.84
2015-12-26,417.47
2015-12-27,426.04
2015-12-28,418.78
2015-12-29,430.95
2015-12-30,424.31
2015-12-31,431.31
2016-01-01,431.51
2016-01-02,433.07
2016-01-03,427.63
2016-01-04,431.08
2016-01-05,431.32
2016-01-06,429.99
2016-01-07,457.88
2016-01-08,455.22
2016-01-09,451.38
2016-01-10,447.38
2016-01-11,450.0
2016-01-12,449.81
2016-01-13,433.98
2016-01-14,430.0
2016-01-15,374.41
2016-01-16,388.16
2016-01-17,385.0
2016-01-18,390.1
2016-01-19,381.08
2016-01-20,419.46
2016-01-21,412.31
2016-01-22,382.82
2016-01-23,389.11
2016-01-24,400.68
2016-01-25,394.01
2016-01-26,395.95
2016-01-27,396.0
2016-01-28,379.27
2016-01-29,379.92
2016-01-30,378.0
2016-01-31,369.84
2016-02-01,372.0
2016-02-02,373.71
2016-02-03,368.0
2016-02-04,392.0
2016-02-05,387.22
2016-02-06,375.69
2016-02-07,372.82
2016-02-08,372.0
2016-02-09,378.48
2016-02-10,379.3
2016-02-11,377.21
2016-02-12,380.3
2016-02-13,389.15
2016-02-14,403.25
2016-02-15,396.0
2016-02-16,405.5
2016-02-17,416.16
2016-02-18,422.0
2016-02-19,417.05
2016-02-20,440.3
2016-02-21,437.04
2016-02-22,433.35
2016-02-23,420.99
2016-02-24,423.2
2016-02-25,421.85
2016-02-26,427.2
2016-02-27,433.04
2016-02-28,430.14
2016-02-29,435.92
2016-03-01,429.88
2016-03-02,424.39
2016-03-03,419.62
2016-03-04,406.71
2016-03-05,394.52
2016-03-06,403.86
2016-03-07,413.75
2016-03-08,410.29
2016-03-09,410.55
2016-03-10,415.81
2016-03-11,419.92
2016-03-12,407.22
2016-03-13,408.87
2016-03-14,415.42
2016-03-15,415.59
2016-03-16,416.78
2016-03-17,420.75
2016-03-18,409.43
2016-03-19,410.09
2016-03-20,412.14
2016-03-21,411.76
2016-03-22,414.82
2016-03-23,415.53
2016-03-24,415.96
2016-03-25,416.11
2016-03-26,417.31
2016-03-27,424.97
2016-03-28,423.0
2016-03-29,415.71
2016-03-30,413.38
2016-03-31,417.56
2016-04-01,417.9
2016-04-02,420.57
2016-04-03,421.5
2016-04-04,420.14
2016-04-05,423.39
2016-04-06,422.78
2016-04-07,422.61
2016-04-08,418.31
2016-04-09,419.29
2016-04-10,420.95
2016-04-11,422.58
2016-04-12,427.08
2016-04-13,423.54
2016-04-14,424.52
2016-04-15,429.25
2016-04-16,429.12
2016-04-17,427.87
2016-04-18,428.02
2016-04-19,436.92
2016-04-20,441.77
2016-04-21,451.01
2016-04-22,446.0
2016-04-23,450.71
2016-04-24,460.0
2016-04-25,464.0
2016-04-26,469.3
2016-04-27,448.35
2016-04-28,450.86
2016-04-29,456.22
2016-04-30,446.44
2016-05-01,452.07
2016-05-02,444.0
2016-05-03,451.92
2016-05-04,448.0
2016-05-05,448.74
2016-05-06,460.7
2016-05-07,459.1
2016-05-08,459.1
2016-05-09,461.75
2016-05-10,452.13
2016-05-11,453.97
2016-05-12,454.95
2016-05-13,456.05
2016-05-14,455.4
2016-05-15,457.65
2016-05-16,454.39
2016-05-17,454.16
2016-05-18,453.24
2016-05-19,432.0
2016-05-20,439.65
2016-05-21,441.0
2016-05-22,437.89
2016-05-23,442.5
2016-05-24,444.6
2016-05-25,448.3
2016-05-26,452.41
2016-05-27,471.36
2016-05-28,523.99
2016-05-29,518.98
2016-05-30,531.43
2016-05-31,530.0
2016-06-01,536.12
2016-06-02,539.2
2016-06-03,567.43
2016-06-04,573.18
2016-06-05,574.11
2016-06-06,583.0
2016-06-07,577.38
2016-06-08,581.98
2016-06-09,575.01
2016-06-10,579.26
2016-06-11,595.99
2016-06-12,665.8
2016-06-13,703.27
2016-06-14,687.34
2016-06-15,692.07
2016-06-16,767.05
2016-06-17,747.08
2016-06-18,761.02
2016-06-19,765.87
2016-06-20,737.0
2016-06-21,673.41
2016-06-22,594.46
2016-06-23,623.54
2016-06-24,669.26
2016-06-25,674.15
2016-06-26,633.04
2016-06-27,648.49
2016-06-28,647.01
2016-06-29,639.5
2016-06-30,669.7
2016-07-01,677.74
2016-07-02,700.0
2016-07-03,664.82
2016-07-04,679.26
2016-07-05,666.5
2016-07-06,677.59
2016-07-07,640.0
2016-07-08,670.0
2016-07-09,657.95
2016-07-10,651.2
2016-07-11,652.98
2016-07-12,674.21
2016-07-13,662.88
2016-07-14,662.78
2016-07-15,663.87
2016-07-16,665.0
2016-07-17,677.88
2016-07-18,675.28
2016-07-19,673.51
2016-07-20,667.0
2016-07-21,664.5
2016-07-22,648.97
2016-07-23,657.71
2016-07-24,662.9
2016-07-25,654.28
2016-07-26,655.03
2016-07-27,654.03
2016-07-28,653.87
2016-07-29,653.0
2016-07-30,654.93
2016-07-31,623.68
2016-08-01,605.0
2016-08-02,506.0
2016-08-03,564.94
2016-08-04,582.92
2016-08-05,575.65
2016-08-06,591.6
2016-08-07,593.0
2016-08-08,590.31
2016-08-09,586.3
2016-08-10,588.95
2016-08-11,588.23
2016-08-12,588.36
2016-08-13,585.1
2016-08-14,569.67
2016-08-15,570.74
2016-08-16,581.0
2016-08-17,574.43
2016-08-18,572.0
2016-08-19,572.95
2016-08-20,580.0
2016-08-21,580.53
2016-08-22,586.0
2016-08-23,584.9
2016-08-24,580.47
2016-08-25,576.85
2016-08-26,579.36
2016-08-27,569.02
2016-08-28,574.73
2016-08-29,574.69
2016-08-30,579.21
2016-08-31,573.36
2016-09-01,571.1
2016-09-02,577.0
2016-09-03,599.97
2016-09-04,608.91
2016-09-05,610.02
2016-09-06,613.35
2016-09-07,615.71
2016-09-08,629.6
2016-09-09,625.26
2016-09-10,625.26
2016-09-11,611.33
2016-09-12,611.1
2016-09-13,615.16
2016-09-14,612.24
2016-09-15,612.92
2016-09-16,610.0
2016-09-17,606.59
2016-09-18,612.02
2016-09-19,610.99
2016-09-20,610.01
2016-09-21,599.0
2016-09-22,598.35
2016-09-23,604.17
2016-09-24,604.0
2016-09-25,601.03
2016-09-26,608.04
2016-09-27,606.52
2016-09-28,604.99
2016-09-29,605.5
2016-09-30,611.28
2016-10-01,614.27
2016-10-02,610.0
2016-10-03,612.25
2016-10-04,612.0
2016-10-05,612.51
2016-10-06,614.91
2016-10-07,617.98
2016-10-08,620.79
2016-10-09,616.52
2016-10-10,618.12
2016-10-11,644.23
2016-10-12,637.46
2016-10-13,630.15
2016-10-14,640.61
2016-10-15,640.75
2016-10-16,643.25
2016-10-17,640.0
2016-10-18,636.97
2016-10-19,631.5
2016-10-20,632.84
2016-10-21,633.4
2016-10-22,663.73
2016-10-23,653.93
2016-10-24,652.63
2016-10-25,651.99
2016-10-26,675.13
2016-10-27,681.97
2016-10-28,690.0
2016-10-29,717.87
2016-10-30,698.7
2016-10-31,700.8
2016-11-01,733.75
2016-11-02,737.5
2016-11-03,691.13
2016-11-04,707.41
2016-11-05,706.48
2016-11-06,715.5
2016-11-07,708.86
2016-11-08,712.71
2016-11-09,722.4
2016-11-10,713.5
2016-11-11,715.25
2016-11-12,704.46
2016-11-13,702.78
2016-11-14,705.82
2016-11-15,711.3
2016-11-16,742.75
2016-11-17,739.0
2016-11-18,750.55
2016-11-19,752.0
2016-11-20,730.98
2016-11-21,737.69
2016-11-22,748.01
2016-11-23,740.34
2016-11-24,738.61
2016-11-25,740.92
2016-11-26,734.78
2016-11-27,728.3
2016-11-28,735.78
2016-11-29,732.2
2016-11-30,742.72
2016-12-01,754.0
2016-12-02,773.87
2016-12-03,765.28
2016-12-04,769.6
2016-12-05,754.47
2016-12-06,757.86
2016-12-07,767.12
2016-12-08,770.71
2016-12-09,772.42
2016-12-10,775.0
2016-12-11,768.05
2016-12-12,778.37
2016-12-13,780.5
2016-12-14,777.52
2016-12-15,778.1
2016-12-16,785.33
2016-12-17,792.47
2016-12-18,792.69
2016-12-19,791.18
2016-12-20,803.42
2016-12-21,827.86
2016-12-22,860.1
2016-12-23,920.0
2016-12-24,894.93
2016-12-25,899.98
2016-12-26,904.88
2016-12-27,929.16
2016-12-28,978.74
2016-12-29,977.01
2016-12-30,960.7
2016-12-31,968.21
2017-01-01,998.07
2017-01-02,1020.0
2017-01-03,1037.99
2017-01-04,1139.52
2017-01-05,996.4
2017-01-06,896.37
2017-01-07,899.43
2017-01-08,911.5
2017-01-09,909.99
2017-01-10,911.0
2017-01-11,793.99
2017-01-12,816.02
2017-01-13,835.01
2017-01-14,821.15
2017-01-15,824.53
2017-01-16,832.91
2017-01-17,909.17
2017-01-18,883.69
2017-01-19,900.9
2017-01-20,896.21
2017-01-21,924.93
2017-01-22,919.68
2017-01-23,924.99
2017-01-24,890.9
2017-01-25,895.0
2017-01-26,916.53
2017-01-27,921.45
2017-01-28,920.25
2017-01-29,918.11
2017-01-30,922.73
2017-01-31,973.84
2017-02-01,985.11
2017-02-02,1007.0
2017-02-03,1015.0
2017-02-04,1035.0
2017-02-05,1017.84
2017-02-06,1027.02
2017-02-07,1053.16
2017-02-08,1060.6
2017-02-09,983.86
2017-02-10,1002.99
2017-02-11,1010.2
2017-02-12,1001.1
2017-02-13,998.8
2017-02-14,1014.97
2017-02-15,1015.75
2017-02-16,1039.87
2017-02-17,1052.07
2017-02-18,1058.91
2017-02-19,1055.61
2017-02-20,1088.68
2017-02-21,1128.46
2017-02-22,1125.67
2017-02-23,1182.0
2017-02-24,1185.0
2017-02-25,1146.83
2017-02-26,1167.0
2017-02-27,1190.21
2017-02-28,1180.0
2017-03-01,1225.0
2017-03-02,1254.0
2017-03-03,1277.0
2017-03-04,1261.27
2017-03-05,1267.98
2017-03-06,1275.0
2017-03-07,1224.92
2017-03-08,1143.39
2017-03-09,1187.19
2017-03-10,1111.0
2017-03-11,1174.97
2017-03-12,1224.37
2017-03-13,1230.0
2017-03-14,1243.99
2017-03-15,1252.92
2017-03-16,1165.1
2017-03-17,1021.16
2017-03-18,954.99
2017-03-19,1017.94
2017-03-20,1030.0
2017-03-21,1110.37
2017-03-22,1032.01
2017-03-23,1024.03
2017-03-24,921.3
2017-03-25,951.08
2017-03-26,961.88
2017-03-27,1039.85
2017-03-28,1043.28
2017-03-29,1043.43
2017-03-30,1040.0
2017-03-31,1079.78
2017-04-01,1091.73
2017-04-02,1107.46
2017-04-03,1148.43
2017-04-04,1142.0
2017-04-05,1138.16
2017-04-06,1191.56
2017-04-07,1191.88
2017-04-08,1182.47
2017-04-09,1211.0
2017-04-10,1211.23
2017-04-11,1223.5
2017-04-12,1219.15
2017-04-13,1174.13
2017-04-14,1187.99
2017-04-15,1175.01
2017-04-16,1181.0
2017-04-17,1197.5
2017-04-18,1202.38
2017-04-19,1204.2
2017-04-20,1241.88
2017-04-21,1249.0
2017-04-22,1235.49
2017-04-23,1242.48
2017-04-24,1251.02
2017-04-25,1276.07
2017-04-26,1290.52
2017-04-27,1333.7
2017-04-28,1328.64
2017-04-29,1335.93
2017-04-30,1350.72
2017-05-01,1397.23
2017-05-02,1455.2
2017-05-03,1513.6
2017-05-04,1535.42
2017-05-05,1518.03
2017-05-06,1535.42
2017-05-07,1505.16
2017-05-08,1670.06
2017-05-09,1721.75
2017-05-10,1782.0
2017-05-11,1836.06
2017-05-12,1698.19
2017-05-13,1783.57
2017-05-14,1788.04
2017-05-15,1739.75
2017-05-16,1786.85
2017-05-17,1836.06
2017-05-18,1900.0
2017-05-19,1961.79
2017-05-20,2039.11
2017-05-21,2011.11
2017-05-22,2085.99
2017-05-23,2231.97
2017-05-24,2408.24
2017-05-25,2259.2
2017-05-26,2203.71
2017-05-27,2008.0
2017-05-28,2137.21
2017-05-29,2245.27
2017-05-30,2159.1
2017-05-31,2291.3
2017-06-01,2399.0
2017-06-02,2487.18
2017-06-03,2549.72
2017-06-04,2520.55
2017-06-05,2690.0
2017-06-06,2867.0
2017-06-07,2690.0
2017-06-08,2811.63
2017-06-09,2816.47
2017-06-10,2816.27
2017-06-11,2924.88
2017-06-12,2609.44
2017-06-13,2710.0
2017-06-14,2452.69
2017-06-15,2428.71
2017-06-16,2470.3
2017-06-17,2642.24
2017-06-18,2497.76
2017-06-19,2584.86
2017-06-20,2705.1
2017-06-21,2644.97
2017-06-22,2684.99
2017-06-23,2668.0
2017-06-24,2547.43
2017-06-25,2490.13
2017-06-26,2405.0
2017-06-27,2538.01
2017-06-28,2554.02
2017-06-29,2526.07
2017-06-30,2445.0
2017-07-01,2392.95
2017-07-02,2505.57
2017-07-03,2546.73
2017-07-04,2599.07
2017-07-05,2611.39
2017-07-06,2605.64
2017-07-07,2506.93
2017-07-08,2547.85
2017-07-09,2499.0
2017-07-10,2339.23
2017-07-11,2302.2
2017-07-12,2373.85
2017-07-13,2336.4
2017-07-14,2216.18
2017-07-15,1972.07
2017-07-16,1907.24
2017-07-17,2217.0
2017-07-18,2310.8
2017-07-19,2255.0
2017-07-20,2854.88
2017-07-21,2670.0
2017-07-22,2831.13
2017-07-23,2761.2
2017-07-24,2755.9
2017-07-25,2556.0
2017-07-26,2525.0
2017-07-27,2675.39
2017-07-28,2800.0
2017-07-29,2716.0
2017-07-30,2799.0
2017-07-31,2876.13
2017-08-01,2727.03
2017-08-02,2700.8
2017-08-03,2797.03
2017-08-04,2875.97
2017-08-05,3256.31
2017-08-06,3235.03
2017-08-07,3395.0
2017-08-08,3430.52
2017-08-09,3371.88
2017-08-10,3433.99
2017-08-11,3670.0
2017-08-12,3884.63
2017-08-13,4084.0
2017-08-14,4355.66
2017-08-15,4172.2
2017-08-16,4388.0
2017-08-17,4291.0
2017-08-18,4141.0
2017-08-19,4179.73
2017-08-20,4078.24
2017-08-21,4005.7
2017-08-22,4104.9
2017-08-23,4151.0
2017-08-24,4334.68
2017-08-25,4390.99
2017-08-26,4351.75
2017-08-27,4338.46
2017-08-28,4387.83
2017-08-29,4590.17
2017-08-30,4579.75
2017-08-31,4737.27
2017-09-01,4919.9
2017-09-02,4630.4
2017-09-03,4645.0
2017-09-04,4344.11
2017-09-05,4464.03
2017-09-06,4641.6
2017-09-07,4660.0
2017-09-08,4385.0
2017-09-09,4342.3
2017-09-10,4287.1
2017-09-11,4226.2
2017-09-12,4173.6
2017-09-13,3882.2
2017-09-14,3254.2
2017-09-15,3739.6
2017-09-16,3716.4
2017-09-17,3719.0
2017-09-18,4091.5
2017-09-19,3911.0
2017-09-20,3863.1
2017-09-21,3623.9
2017-09-22,3599.8
2017-09-23,3789.0
2017-09-24,3672.7
2017-09-25,3924.0
2017-09-26,3885.9
2017-09-27,4213.8
2017-09-28,4190.0
2017-09-29,4157.1
2017-09-30,4344.0
2017-10-01,4383.7
2017-10-02,4401.7
2017-10-03,4309.0
2017-10-04,4223.6
2017-10-05,4324.2
2017-10-06,4363.1
2017-10-07,4432.0
2017-10-08,4592.0
2017-10-09,4772.1
2017-10-10,4748.5
2017-10-11,4822.6
2017-10-12,5429.7
2017-10-13,5640.0
2017-10-14,5800.0
2017-10-15,5680.0
2017-10-16,5738.8
2017-10-17,5606.5
2017-10-18,5579.4
2017-10-19,5695.3
2017-10-20,5949.0
2017-10-21,5949.0
2017-10-22,5949.0
2017-10-23,5902.8
2017-10-24,5545.5
2017-10-25,5762.8
2017-10-26,5890.6
2017-10-27,5793.8
2017-10-28,5750.0
2017-10-29,6130.0
2017-10-30,6124.5
2017-10-31,6430.5
2017-11-01,6741.9
2017-11-02,7007.3
2017-11-03,7160.0
2017-11-04,7369.9
2017-11-05,7380.0
2017-11-06,6969.0
2017-11-07,7128.1
2017-11-08,7463.5
2017-11-09,7152.4
2017-11-10,6583.0
2017-11-11,6330.0
2017-11-12,5880.0
2017-11-13,6528.0
2017-11-14,6660.6
2017-11-15,7260.0
2017-11-16,7750.7
2017-11-17,7695.7
2017-11-18,7786.0
2017-11-19,8000.0
2017-11-20,8234.1
2017-11-21,8113.1
2017-11-22,8250.6
2017-11-23,8030.0
2017-11-24,8173.1
2017-11-25,8690.0
2017-11-26,9174.3
2017-11-27,9580.0
2017-11-28,9800.0
2017-11-29,9795.8
2017-11-30,10088.5
2017-12-01,10896.1
2017-12-02,10901.0
2017-12-03,11235.1
2017-12-04,11638.0
2017-12-05,11736.2
2017-12-06,13737.7
2017-12-07,15899.0
2017-12-08,15921.9
2017-12-09,14682.9
2017-12-10,14850.3
2017-12-11,16578.0
2017-12-12,16889.3
2017-12-13,16150.1
2017-12-14,16376.1
2017-12-15,17500.0
2017-12-16,19356.9
2017-12-17,18920.6
2017-12-18,18833.1
2017-12-19,17600.5
2017-12-20,16220.7
2017-12-21,15180.0
2017-12-22,13874.1
2017-12-23,14560.9
2017-12-24,13760.0
2017-12-25,13865.0
2017-12-26,15814.5
2017-12-27,15445.9
2017-12-28,14548.8
2017-12-29,14402.2
2017-12-30,12600.0
2017-12-31,13990.0
2018-01-01,13506.1
2018-01-02,14882.0
2018-01-03,15185.7
2018-01-04,15266.6
2018-01-05,16990.0
2018-01-06,17088.0
2018-01-07,16128.4
2018-01-08,15022.6
2018-01-09,14516.6
2018-01-10,14937.6
2018-01-11,13503.4
2018-01-12,13503.4
2018-01-13,13503.4
2018-01-14,13711.2
2018-01-15,13608.3
2018-01-16,11533.2
2018-01-17,11185.0
2018-01-18,11286.0
2018-01-19,11598.1
2018-01-20,12845.9
2018-01-21,11556.0
2018-01-22,10811.3
2018-01-23,10849.9
2018-01-24,11419.8
2018-01-25,11159.3
2018-01-26,11080.8
2018-01-27,11386.0
2018-01-28,11629.9
2018-01-29,11150.0
2018-01-30,9979.8
2018-01-31,10101.6
2018-02-01,9037.6
2018-02-02,8772.6
2018-02-03,9167.9
2018-02-04,8130.2
2018-02-05,6843.7
2018-02-06,7677.0
2018-02-07,7559.0
2018-02-08,8231.0
2018-02-09,8680.1
2018-02-10,8555.7
2018-02-11,8056.1
2018-02-12,8906.3
2018-02-13,8517.7
2018-02-14,9489.7
2018-02-15,10037.0
2018-02-16,10188.5
2018-02-17,11100.0
2018-02-18,10430.0
2018-02-19,11165.1
2018-02-20,11242.3
2018-02-21,10468.1
2018-02-22,9840.2
2018-02-23,10157.7
2018-02-24,9688.0
2018-02-25,9580.0
2018-02-26,10322.1
2018-02-27,10551.0
2018-02-28,10310.0
2018-03-01,10920.0
2018-03-02,11031.3
2018-03-03,11428.0
2018-03-04,11512.1
2018-03-05,11433.9
2018-03-06,10731.5
2018-03-07,9903.0
2018-03-08,9279.9
2018-03-09,9244.5
2018-03-10,8752.0
2018-03-11,9526.2
2018-03-12,9102.8
2018-03-13,9141.3
2018-03-14,8174.2
2018-03-15,8248.6
2018-03-16,8251.0
2018-03-17,7843.4
2018-03-18,8183.2
2018-03-19,8610.2
2018-03-20,8912.0
2018-03-21,8880.0
2018-03-22,8711.5
2018-03-23,8916.8
2018-03-24,8530.0
2018-03-25,8444.4
2018-03-26,8137.8
2018-03-27,7786.7
2018-03-28,7943.3
2018-03-29,7080.1
2018-03-30,6804.0
2018-03-31,6911.1
2018-04-01,6810.0
2018-04-02,7054.7
2018-04-03,7414.8
2018-04-04,6790.4
2018-04-05,6763.5
2018-04-06,6616.2
2018-04-07,6893.1
2018-04-08,7014.5
2018-04-09,6773.4
2018-04-10,6830.0
2018-04-11,6941.0
2018-04-12,7919.9
2018-04-13,7882.5
2018-04-14,8004.9
2018-04-15,8363.3
2018-04-16,8057.1
2018-04-17,7893.1
2018-04-18,8170.0
2018-04-19,8275.7
2018-04-20,8875.0
2018-04-21,8944.6
2018-04-22,8811.8
2018-04-23,8954.1
2018-04-24,9661.7
2018-04-25,8855.7
2018-04-26,9291.4
2018-04-27,8917.8
2018-04-28,9339.2
2018-04-29,9411.2
2018-04-30,9243.2
2018-05-01,9081.3
2018-05-02,9217.1
2018-05-03,9735.9
2018-05-04,9688.9
2018-05-05,9795.0
2018-05-06,9604.9
2018-05-07,9360.6
2018-05-08,9172.7
2018-05-09,9305.4
2018-05-10,9011.0
2018-05-11,8407.8
2018-05-12,8479.0
2018-05-13,8698.2
2018-05-14,8660.8
2018-05-15,8462.8
2018-05-16,8344.9
2018-05-17,8064.0
2018-05-18,8231.9
2018-05-19,8233.8
2018-05-20,8518.9
2018-05-21,8390.8
2018-05-22,7989.1
2018-05-23,7500.3
2018-05-24,7572.0
2018-05-25,7466.0
2018-05-26,7330.0
2018-05-27,7325.9
2018-05-28,7102.6
2018-05-29,7462.6
2018-05-30,7374.9
2018-05-31,7485.6
2018-06-01,7504.2
2018-06-02,7636.1
2018-06-03,7716.8
2018-06-04,7495.5
2018-06-05,7622.0
2018-06-06,7659.8
2018-06-07,7679.4
2018-06-08,7611.9
2018-06-09,7495.1
2018-06-10,6767.9
2018-06-11,6877.0
2018-06-12,6547.2
2018-06-13,6294.2
2018-06-14,6640.7
2018-06-15,6387.6
2018-06-16,6481.4
2018-06-17,6440.8
2018-06-18,6706.6
2018-06-19,6740.2
2018-06-20,6755.4
2018-06-21,6716.1
2018-06-22,6055.5
2018-06-23,6154.1
2018-06-24,6150.1
2018-06-25,6245.5
2018-06-26,6081.3
2018-06-27,6134.2
2018-06-28,5858.6
2018-06-29,6196.9
2018-06-30,6387.9
2018-07-01,6345.8
2018-07-02,6617.7
2018-07-03,6495.5
2018-07-04,6584.2
2018-07-05,6526.2
2018-07-06,6595.4
2018-07-07,6755.1
2018-07-08,6704.7
2018-07-09,6662.5
2018-07-10,6304.6
2018-07-11,6377.9
2018-07-12,6242.5
2018-07-13,6214.9
2018-07-14,6250.4
2018-07-15,6335.4
2018-07-16,6727.0
2018-07-17,7316.9
2018-07-18,7367.4
2018-07-19,7472.3
2018-07-20,7320.0
2018-07-21,7396.7
2018-07-22,7401.1
2018-07-23,7720.0
2018-07-24,8401.8
2018-07-25,8166.0
2018-07-26,7925.0
2018-07-27,8177.0
2018-07-28,8230.8
2018-07-29,8213.5
2018-07-30,8170.0
2018-07-31,7726.0
2018-08-01,7604.1
2018-08-02,7534.8
2018-08-03,7415.0
2018-08-04,7024.5
2018-08-05,7026.9
2018-08-06,6935.7
2018-08-07,6717.8
2018-08-08,6275.9
2018-08-09,6536.0
2018-08-10,6141.5
2018-08-11,6087.6
2018-08-12,6087.6
2018-08-13,6250.0
2018-08-14,6196.8
2018-08-15,6269.5
2018-08-16,6316.0
2018-08-17,6589.2
2018-08-18,6400.0
2018-08-19,6475.1
2018-08-20,6257.2
2018-08-21,6475.5
2018-08-22,6359.8
2018-08-23,6527.2
2018-08-24,6693.3
2018-08-25,6732.3
2018-08-26,6710.0
2018-08-27,6909.0
2018-08-28,7076.7
2018-08-29,7022.7
2018-08-30,6983.1
2018-08-31,7015.8
2018-09-01,7191.3
2018-09-02,7294.7
2018-09-03,7256.1
2018-09-04,7359.3
2018-09-05,6686.6
2018-09-06,6494.8
2018-09-07,6397.6
2018-09-08,6183.2
2018-09-09,6230.9
2018-09-10,6304.5
2018-09-11,6282.3
2018-09-12,6319.5
2018-09-13,6487.1
2018-09-14,6482.9
2018-09-15,6520.0
2018-09-16,6497.9
2018-09-17,6250.0
2018-09-18,6330.5
2018-09-19,6392.1
2018-09-20,6491.2
2018-09-21,6755.3
2018-09-22,6717.0
2018-09-23,6700.0
2018-09-24,6579.2
2018-09-25,6435.0
2018-09-26,6453.5
2018-09-27,6683.8
2018-09-28,6622.3
2018-09-29,6582.7
2018-09-30,6604.1
2018-10-01,6572.6
2018-10-02,6500.0
2018-10-03,6463.9
2018-10-04,6547.4
2018-10-05,6580.1
2018-10-06,6550.0
2018-10-07,6570.5
2018-10-08,6610.0
2018-10-09,6585.1
2018-10-10,6530.5
2018-10-11,6150.1
2018-10-12,6192.2
2018-10-13,6197.9
2018-10-14,6181.8
2018-10-15,6438.4
2018-10-16,6430.0
2018-10-17,6442.5
2018-10-18,6395.4
2018-10-19,6384.2
2018-10-20,6412.3
2018-10-21,6410.0
2018-10-22,6409.6
2018-10-23,6394.4
2018-10-24,6413.9
2018-10-25,6393.0
2018-10-26,6409.3
2018-10-27,6410.4
2018-10-28,6408.1
2018-10-29,6266.3
2018-10-30,6275.0
2018-10-31,6307.5
2018-11-01,6339.9
2018-11-02,6346.2
2018-11-03,6331.4
2018-11-04,6419.9
2018-11-05,6405.9
2018-11-06,6451.3
2018-11-07,6503.3
2018-11-08,6408.8
2018-11-09,6335.4
2018-11-10,6349.0
2018-11-11,6358.2
2018-11-12,6327.3
2018-11-13,6260.0
2018-11-14,5600.9
2018-11-15,5570.6
2018-11-16,5514.4
2018-11-17,5499.3
2018-11-18,5560.9
2018-11-19,4741.2
2018-11-20,4361.4
2018-11-21,4548.2
2018-11-22,4262.6
2018-11-23,4286.4
2018-11-24,3780.0
2018-11-25,3932.9
2018-11-26,3727.1
2018-11-27,3770.7
2018-11-28,4219.8
2018-11-29,4241.9
2018-11-30,3963.6
2018-12-01,4138.4
2018-12-02,4101.9
2018-12-03,3832.7
2018-12-04,3904.7
2018-12-05,3694.3
2018-12-06,3435.5
2018-12-07,3379.3
2018-12-08,3396.9
2018-12-09,3539.5
2018-12-10,3408.0
2018-12-11,3360.9
2018-12-12,3435.2
2018-12-13,3260.0
2018-12-14,3194.9
2018-12-15,3180.1
2018-12-16,3189.7
2018-12-17,3502.0
2018-12-18,3669.1
2018-12-19,3683.6
2018-12-20,4074.4
2018-12-21,3838.5
2018-12-22,3981.3
2018-12-23,3940.2
2018-12-24,4033.6
2018-12-25,3778.5
2018-12-26,3808.2
2018-12-27,3588.6
2018-12-28,3890.5
2018-12-29,3725.0
2018-12-30,3832.4
2018-12-31,3691.9
2019-01-01,3820.1
2019-01-02,3886.2
2019-01-03,3786.5
2019-01-04,3823.7
2019-01-05,3796.6
2019-01-06,4041.1
2019-01-07,4005.3
2019-01-08,3992.9
2019-01-09,3999.9
2019-01-10,3623.5
2019-01-11,3635.1
2019-01-12,3616.5
2019-01-13,3512.6
2019-01-14,3664.8
2019-01-15,3587.0
2019-01-16,3606.6
2019-01-17,3644.0
2019-01-18,3612.2
2019-01-19,3683.0
2019-01-20,3530.6
2019-01-21,3533.4
2019-01-22,3575.8
2019-01-23,3556.1
2019-01-24,3571.3
2019-01-25,3560.1
2019-01-26,3556.2
2019-01-27,3533.4
2019-01-28,3431.0
2019-01-29,3395.0
2019-01-30,3435.4
2019-01-31,3409.6
2019-02-01,3437.2
2019-02-02,3466.0
2019-02-03,3415.2
2019-02-04,3413.9
2019-02-05,3429.5
2019-02-06,3367.4
2019-02-07,3360.3
2019-02-08,3622.0
2019-02-09,3625.7
2019-02-10,3647.1
2019-02-11,3591.7
2019-02-12,3588.9
2019-02-13,3574.0
2019-02-14,3562.3
2019-02-15,3567.4
2019-02-16,3580.1
2019-02-17,3625.1
2019-02-18,3870.7
2019-02-19,3888.1
2019-02-20,3942.0
2019-02-21,3897.1
2019-02-22,3940.5
2019-02-23,4113.3
2019-02-24,3732.2
2019-02-25,3819.8
2019-02-26,3796.2
2019-02-27,3799.1
2019-02-28,3793.7
2019-03-01,3804.7
2019-03-02,3809.9
2019-03-03,3785.7
2019-03-04,3700.1
2019-03-05,3844.9
2019-03-06,3851.7
2019-03-07,3854.0
2019-03-08,3844.3
2019-03-09,3919.2
2019-03-10,3897.9
2019-03-11,3850.7
2019-03-12,3863.1
2019-03-13,3853.4
2019-03-14,3853.9
2019-03-15,3900.2
2019-03-16,3989.2
2019-03-17,3965.0
2019-03-18,3969.6
2019-03-19,3975.4
2019-04-01,4137.8
2019-04-02,4902.9
2019-04-03,4972.2
2019-04-04,4905.7
2019-04-05,5038.1
2019-04-06,5044.4
2019-04-07,5194.2
2019-04-08,5285.1
2019-04-09,5190.8
2019-04-10,5321.0
2019-04-11,5041.7
2019-04-12,5078.8
2019-04-13,5065.6
2019-04-14,5158.4
2019-04-15,5034.8
2019-04-16,5204.1
2019-04-17,5224.9
2019-04-18,5282.8
2019-04-19,5286.0
2019-04-20,5316.5
2019-04-21,5297.0
2019-04-22,5384.0
2019-04-23,5525.4
2019-04-24,5442.2
2019-04-25,5128.7
2019-04-26,5153.0
2019-04-27,5168.5
2019-04-28,5156.1
2019-04-29,5149.0
2019-04-30,5272.2
2019-05-01,5323.3
2019-05-02,5390.0
2019-05-03,5660.0
2019-05-04,5763.5
2019-05-05,5716.9
2019-05-06,5687.4
2019-05-07,5906.7
2019-05-08,5939.6
2019-05-09,6151.4
2019-05-10,6337.9
2019-05-11,7209.9
2019-05-12,6973.9
2019-05-13,7816.3
2019-05-14,7993.7
2019-05-15,8203.0
2019-05-16,7880.7
2019-05-17,7350.0
2019-05-18,7266.8
2019-05-19,8194.9
2019-05-20,8005.0
2019-05-21,7951.9
2019-05-22,7622.1
2019-05-23,7878.9
2019-05-24,8000.0
2019-05-25,8066.5
2019-05-26,8736.3
2019-05-27,8778.7
2019-05-28,8720.1
2019-05-29,8663.2
2019-05-30,8269.6
2019-05-31,8552.9
2019-06-01,8549.9
2019-06-02,8742.5
2019-06-03,8120.0
2019-06-04,7670.0
2019-06-05,7787.1
2019-06-06,7804.3
2019-06-07,8000.5
2019-06-08,7928.7
2019-06-09,7642.1
2019-06-10,8019.9
2019-06-11,7921.4
2019-06-12,8171.0
2019-06-13,8237.6
2019-06-14,8694.0
2019-06-15,8856.8
2019-06-16,8976.1
2019-06-17,9335.0
2019-06-18,9080.5
2019-06-19,9277.1
2019-06-20,9534.3
2019-06-21,10219.2
2019-06-22,10663.8
2019-06-23,10814.1
2019-06-24,11020.6
2019-06-25,11765.1
2019-06-26,12933.7
2019-06-27,11148.0
2019-06-28,12360.0
2019-06-29,11865.1
2019-06-30,10752.3
2019-07-01,10575.9
2019-07-02,10837.3
2019-07-03,11979.8
2019-07-04,11148.3
2019-07-05,11006.0
2019-07-06,11233.5
2019-07-07,11480.7
2019-07-08,12298.0
2019-07-09,12570.5
2019-07-10,12096.2
2019-07-11,11343.5
2019-07-12,11798.1
2019-07-13,11381.5
2019-07-14,10621.1
2019-07-15,10840.4
2019-07-16,9420.3
2019-07-17,9703.9
2019-07-18,10636.6
2019-07-19,10535.2
2019-07-20,10774.9
2019-07-21,10595.3
2019-07-22,10323.9
2019-07-23,9840.6
2019-07-24,9769.8
2019-07-25,9878.0
2019-07-26,9852.0
2019-07-27,9471.8
2019-07-28,9531.7
2019-07-29,9499.9
2019-07-30,9594.1
2019-07-31,10090.1
2019-08-01,10408.9
2019-08-02,10531.5
2019-08-03,10809.9
2019-08-04,10972.4
2019-08-05,11799.6
2019-08-06,11458.8
2019-08-07,11962.7
2019-08-08,11982.6
2019-08-09,11857.6
2019-08-10,11284.7
2019-08-11,11526.7
2019-08-12,11384.2
2019-08-13,10857.0
2019-08-14,10018.0
2019-08-15,10304.5
2019-08-16,10362.1
2019-08-17,10211.8
2019-08-18,10326.4
2019-08-19,10921.8
2019-08-20,10759.9
2019-08-21,10125.0
2019-08-22,10107.9
2019-08-23,10406.3
2019-08-24,10140.5
2019-08-25,10134.5
2019-08-26,10364.6
2019-08-27,10177.3
2019-08-28,9716.1
2019-08-29,9484.3
2019-08-30,9578.0
2019-08-31,9604.3
2019-09-01,9764.9
2019-09-02,10389.5
2019-09-03,10614.6
2019-09-04,10584.9
2019-09-05,10574.9
2019-09-06,10311.8
2019-09-07,10483.4
2019-09-08,10408.6
2019-09-09,10314.5
2019-09-10,10094.5
2019-09-11,10160.7
2019-09-12,10420.0
2019-09-13,10362.1
2019-09-14,10363.2
2019-09-15,10311.3
2019-09-16,10260.6
2019-09-17,10190.0
2019-09-18,10157.6
2019-09-19,10274.4
2019-09-20,10173.3
2019-09-21,9978.4
2019-09-22,10029.1
2019-09-23,9686.9
2019-09-24,8536.7
2019-09-25,8439.0
2019-09-26,8060.3
2019-09-27,8196.0
2019-09-28,8213.5
2019-09-29,8053.1
2019-09-30,8310.0
2019-10-01,8323.0
2019-10-02,8382.3
2019-10-03,8238.1
2019-10-04,8152.2
2019-10-05,8148.4
2019-10-06,7863.0
2019-10-07,8213.4
2019-10-08,8210.3
